<?xml version="1.0" encoding="UTF-8"?>

<Condition xmlns="http://hl7.org/fhir">
  <id value="GeneralComplaintsAfterVaccination"/>
  <meta>
    <profile value="https://www.napkon.de/fhir/StructureDefinition/general-complaints-after-vaccination"/>
  </meta>
  <text>
    <status value="extensions"/><div xmlns="http://www.w3.org/1999/xhtml"><p><b>Generated Narrative</b></p><p><b>occurredFollowing</b>: <a href="Immunization-COVIDVaccinationDone.html">Generated Summary: status: completed; <span title="Codes: {https://ec.europa.eu/health/documents/community-register/html/ EU/1/20/1528}, {http://snomed.info/sct 1119349007}">Comirnaty</span>; occurrence: Oct 1, 2021, 11:06:00 AM; lotNumber: batch-no #2465; <span title="Codes: {https://www.napkon.de/fhir/CodeSystem/napkon-vaccination-module 2004}">Because everyone gets vaccinated</span></a></p><p><b>verificationStatus</b>: <span title="Codes: {http://terminology.hl7.org/CodeSystem/condition-ver-status confirmed}, {http://snomed.info/sct 410605003}">Confirmed present (qualifier value)</span></p><p><b>severity</b>: <span title="Codes: {http://snomed.info/sct 24484000}, {https://www.napkon.de/fhir/CodeSystem/ctcae-grade-code-system 3}">Severe (severity modifier) (qualifier value)</span></p><p><b>code</b>: <span title="Codes: {http://snomed.info/sct 57676002}">Joint pain (finding)</span></p><p><b>subject</b>: <a href="Patient-ExamplePatient.html">Generated Summary: Medical record number: napkon-example-patient; maxi musterperson (OFFICIAL); gender: unknown; birthDate: 1990-08-08</a></p><p><b>recordedDate</b>: Feb 19, 2021, 8:30:35 AM</p></div>
  </text>
  <extension url="http://hl7.org/fhir/StructureDefinition/condition-occurredFollowing">
    <valueReference>
      <reference value="Immunization/COVIDVaccinationDone"/>
    </valueReference>
  </extension>
  <verificationStatus>
    <coding>
      <system value="http://terminology.hl7.org/CodeSystem/condition-ver-status"/>
      <code value="confirmed"/>
    </coding>
    <coding>
      <system value="http://snomed.info/sct"/>
      <code value="410605003"/>
      <display value="Confirmed present (qualifier value)"/>
    </coding>
  </verificationStatus>
  <severity>
    <coding>
      <system value="http://snomed.info/sct"/>
      <version value="http://snomed.info/sct/900000000000207008/version/20210731"/>
      <code value="24484000"/>
      <display value="Severe (severity modifier) (qualifier value)"/>
    </coding>
    <coding>
      <system value="https://www.napkon.de/fhir/CodeSystem/ctcae-grade-code-system"/>
      <code value="3"/>
      <display value="Severe Adverse Event"/>
    </coding>
  </severity>
  <code>
    <coding>
      <system value="http://snomed.info/sct"/>
      <version value="http://snomed.info/sct/900000000000207008/version/20210731"/>
      <code value="57676002"/>
      <display value="Joint pain (finding)"/>
    </coding>
  </code>
  <subject>
    <reference value="Patient/ExamplePatient"/>
  </subject>
  <recordedDate value="2021-02-19T09:30:35+01:00"/>
</Condition>