<?xml version="1.0" encoding="UTF-8"?><ImplementationGuide xmlns="http://hl7.org/fhir"><id value="napkon-vaccination"/><text><status value="extensions"/><div xmlns="http://www.w3.org/1999/xhtml"><h2>NapkonVaccination</h2><p>The official URL for this implementation guide is: </p><pre>https://www.napkon.de/fhir/ImplementationGuide/napkon-vaccination</pre></div></text><url value="https://www.napkon.de/fhir/ImplementationGuide/napkon-vaccination"/><version value="1.0.0"/><name value="NapkonVaccination"/><title value="NAPKON Vaccination Module"/><status value="active"/><date value="2021-12-10T11:47:18+00:00"/><publisher value="Charité - Universitätsmedizin Berlin"/><contact><name value="Charité - Universitätsmedizin Berlin"/><telecom><system value="url"/><value value="https://www.netzwerk-universitaetsmedizin.de"/></telecom></contact><packageId value="napkon-vaccination"/><license value="CC0-1.0"/><fhirVersion value="4.0.1"/><dependsOn id="de_medizininformatikinitiative_kerndatensatz_prozedur"><uri value="https://simplifier.net/guide/medizininformatikinitiative-modulprozeduren-implementationguide"/><packageId value="de.medizininformatikinitiative.kerndatensatz.prozedur"/><version value="2.0.0-alpha3"/></dependsOn><dependsOn id="de_medizininformatikinitiative_kerndatensatz_person"><uri value="https://simplifier.net/guide/medizininformatikinitiative-modulperson-implementationguide"/><packageId value="de.medizininformatikinitiative.kerndatensatz.person"/><version value="2.0.0-alpha3"/></dependsOn><dependsOn id="de_medizininformatikinitiative_kerndatensatz_medikation"><uri value="https://simplifier.net/guide/medizininformatikinitiative-modulmedikation-implementationguide"/><packageId value="de.medizininformatikinitiative.kerndatensatz.medikation"/><version value="1.0.10"/></dependsOn><dependsOn id="de_medizininformatikinitiative_kerndatensatz_diagnose"><uri value="https://simplifier.net/guide/medizininformatikinitiative-moduldiagnosen-implementationguide"/><packageId value="de.medizininformatikinitiative.kerndatensatz.diagnose"/><version value="2.0.0-alpha3"/></dependsOn><dependsOn id="de_medizininformatikinitiative_kerndatensatz_laborbefund"><uri value="https://simplifier.net/guide/laborbefundindermedizininformatik-initiative"/><packageId value="de.medizininformatikinitiative.kerndatensatz.laborbefund"/><version value="1.0.6"/></dependsOn><dependsOn id="de_gecco"><uri value="https://simplifier.net/guide/germancoronaconsensusdataset-implementationguide"/><packageId value="de.gecco"/><version value="1.0.5"/></dependsOn><dependsOn id="de_medizininformatikinitiative_kerndatensatz_meta"><uri value="https://simplifier.net/guide/medizininformatikinitiative-implementationguide-manteldokument"/><packageId value="de.medizininformatikinitiative.kerndatensatz.meta"/><version value="1.0.3"/></dependsOn><dependsOn id="de_medizininformatikinitiative_kerndatensatz_fall"><uri value="https://simplifier.net/guide/medizininformatikinitiative-modulfall-implementationguide"/><packageId value="de.medizininformatikinitiative.kerndatensatz.fall"/><version value="1.0.1"/></dependsOn><definition><extension url="http://hl7.org/fhir/tools/StructureDefinition/ig-parameter"><extension url="code"><valueString value="copyrightyear"/></extension><extension url="value"><valueString value="2021+"/></extension></extension><extension url="http://hl7.org/fhir/tools/StructureDefinition/ig-parameter"><extension url="code"><valueString value="releaselabel"/></extension><extension url="value"><valueString value="trial-use"/></extension></extension><extension url="http://hl7.org/fhir/tools/StructureDefinition/ig-parameter"><extension url="code"><valueString value="active-tables"/></extension><extension url="value"><valueString value="true"/></extension></extension><extension url="http://hl7.org/fhir/tools/StructureDefinition/ig-parameter"><extension url="code"><valueString value="apply-contact"/></extension><extension url="value"><valueString value="false"/></extension></extension><extension url="http://hl7.org/fhir/tools/StructureDefinition/ig-parameter"><extension url="code"><valueString value="apply-jurisdiction"/></extension><extension url="value"><valueString value="false"/></extension></extension><extension url="http://hl7.org/fhir/tools/StructureDefinition/ig-parameter"><extension url="code"><valueString value="apply-publisher"/></extension><extension url="value"><valueString value="false"/></extension></extension><extension url="http://hl7.org/fhir/tools/StructureDefinition/ig-parameter"><extension url="code"><valueString value="apply-version"/></extension><extension url="value"><valueString value="false"/></extension></extension><extension url="http://hl7.org/fhir/tools/StructureDefinition/ig-parameter"><extension url="code"><valueString value="show-inherited-invariants"/></extension><extension url="value"><valueString value="false"/></extension></extension><extension url="http://hl7.org/fhir/tools/StructureDefinition/ig-parameter"><extension url="code"><valueString value="usage-stats-opt-out"/></extension><extension url="value"><valueString value="true"/></extension></extension><extension url="http://hl7.org/fhir/tools/StructureDefinition/ig-parameter"><extension url="code"><valueString value="excludexml"/></extension><extension url="value"><valueString value="false"/></extension></extension><extension url="http://hl7.org/fhir/tools/StructureDefinition/ig-parameter"><extension url="code"><valueString value="excludejsn"/></extension><extension url="value"><valueString value="false"/></extension></extension><extension url="http://hl7.org/fhir/tools/StructureDefinition/ig-parameter"><extension url="code"><valueString value="excludettl"/></extension><extension url="value"><valueString value="true"/></extension></extension><extension url="http://hl7.org/fhir/tools/StructureDefinition/ig-parameter"><extension url="code"><valueString value="excludemap"/></extension><extension url="value"><valueString value="true"/></extension></extension><extension url="http://hl7.org/fhir/tools/StructureDefinition/ig-parameter"><extension url="code"><valueString value="excludeexample"/></extension><extension url="value"><valueString value="true"/></extension></extension><extension url="http://hl7.org/fhir/tools/StructureDefinition/ig-parameter"><extension url="code"><valueString value="extension-domain"/></extension><extension url="value"><valueString value="https://www.netzwerk-universitaetsmedizin.de"/></extension></extension><extension url="http://hl7.org/fhir/tools/StructureDefinition/ig-parameter"><extension url="code"><valueString value="extension-domain"/></extension><extension url="value"><valueString value="https://napkon.de"/></extension></extension><extension url="http://hl7.org/fhir/tools/StructureDefinition/ig-parameter"><extension url="code"><valueString value="extension-domain"/></extension><extension url="value"><valueString value="https://simplifier.net"/></extension></extension><extension url="http://hl7.org/fhir/tools/StructureDefinition/ig-parameter"><extension url="code"><valueString value="autoload-resources"/></extension><extension url="value"><valueString value="true"/></extension></extension><extension url="http://hl7.org/fhir/tools/StructureDefinition/ig-parameter"><extension url="code"><valueString value="path-liquid"/></extension><extension url="value"><valueString value="template/liquid"/></extension></extension><extension url="http://hl7.org/fhir/tools/StructureDefinition/ig-parameter"><extension url="code"><valueString value="path-liquid"/></extension><extension url="value"><valueString value="input/liquid"/></extension></extension><extension url="http://hl7.org/fhir/tools/StructureDefinition/ig-parameter"><extension url="code"><valueString value="path-qa"/></extension><extension url="value"><valueString value="temp/qa"/></extension></extension><extension url="http://hl7.org/fhir/tools/StructureDefinition/ig-parameter"><extension url="code"><valueString value="path-temp"/></extension><extension url="value"><valueString value="temp/pages"/></extension></extension><extension url="http://hl7.org/fhir/tools/StructureDefinition/ig-parameter"><extension url="code"><valueString value="path-output"/></extension><extension url="value"><valueString value="output"/></extension></extension><extension url="http://hl7.org/fhir/tools/StructureDefinition/ig-parameter"><extension url="code"><valueString value="path-suppressed-warnings"/></extension><extension url="value"><valueString value="input/ignoreWarnings.txt"/></extension></extension><extension url="http://hl7.org/fhir/tools/StructureDefinition/ig-parameter"><extension url="code"><valueString value="path-history"/></extension><extension url="value"><valueString value="https://www.napkon.de/fhir/history.html"/></extension></extension><extension url="http://hl7.org/fhir/tools/StructureDefinition/ig-parameter"><extension url="code"><valueString value="template-html"/></extension><extension url="value"><valueString value="template-page.html"/></extension></extension><extension url="http://hl7.org/fhir/tools/StructureDefinition/ig-parameter"><extension url="code"><valueString value="template-md"/></extension><extension url="value"><valueString value="template-page-md.html"/></extension></extension><extension url="http://hl7.org/fhir/tools/StructureDefinition/ig-parameter"><extension url="code"><valueString value="apply-context"/></extension><extension url="value"><valueString value="true"/></extension></extension><extension url="http://hl7.org/fhir/tools/StructureDefinition/ig-parameter"><extension url="code"><valueString value="apply-copyright"/></extension><extension url="value"><valueString value="true"/></extension></extension><extension url="http://hl7.org/fhir/tools/StructureDefinition/ig-parameter"><extension url="code"><valueString value="apply-license"/></extension><extension url="value"><valueString value="true"/></extension></extension><grouping id="-str-questionnaire"><name value="Structures: Questionnaires"/><description value="These define forms used by systems conforming to this implementation guide to capture or expose data to end users"/></grouping><grouping id="-str-profile"><name value="Structures: Resource Profiles"/><description value="These define constraints on FHIR resources for systems conforming to this implementation guide"/></grouping><grouping id="-term-valueset"><name value="Terminology: Value Sets"/><description value="These define sets of codes used by systems conforming to this implementation guide"/></grouping><grouping id="-term-codesystem"><name value="Terminology: Code Systems"/><description value="These define new code systems used by systems conforming to this implementation guide"/></grouping><grouping id="-ex-example"><name value="Example: Example Instances"/><description value="These are example instances that show what data produced and consumed by systems conforming with this implementation guide might look like"/></grouping><resource><extension url="http://hl7.org/fhir/StructureDefinition/implementationguide-page"><valueUri value="StructureDefinition-additional-vaccination-willingness.html"/></extension><reference><reference value="StructureDefinition/additional-vaccination-willingness"/></reference><name value="Additional Vaccination Willingness"/><description value="Response to AdditionalVaccinationWillingnessQuestionnaire"/><exampleBoolean value="false"/><groupingId value="-str-profile"/></resource><resource><extension url="http://hl7.org/fhir/StructureDefinition/implementationguide-page"><valueUri value="StructureDefinition-allergic-reaction-to-vaccination.html"/></extension><reference><reference value="StructureDefinition/allergic-reaction-to-vaccination"/></reference><name value="Allergic Reaction To Vaccination"/><description value="Whether a vaccination caused an allergic reaction"/><exampleBoolean value="false"/><groupingId value="-str-profile"/></resource><resource><extension url="http://hl7.org/fhir/StructureDefinition/implementationguide-page"><valueUri value="StructureDefinition-analgesic-antipyretic-intake-after-vaccination.html"/></extension><reference><reference value="StructureDefinition/analgesic-antipyretic-intake-after-vaccination"/></reference><name value="Analgesic Antipyretic Intake After Vaccination"/><description value="Whether a patient took analgesic or antipyretic drugs after a vaccination event"/><exampleBoolean value="false"/><groupingId value="-str-profile"/></resource><resource><extension url="http://hl7.org/fhir/StructureDefinition/implementationguide-page"><valueUri value="StructureDefinition-body-temperature-after-vaccination.html"/></extension><reference><reference value="StructureDefinition/body-temperature-after-vaccination"/></reference><name value="Body Temperature After Vaccination"/><description value="Maximal body temperature after a vaccination event (indicating fever)"/><exampleBoolean value="false"/><groupingId value="-str-profile"/></resource><resource><extension url="http://hl7.org/fhir/StructureDefinition/implementationguide-page"><valueUri value="StructureDefinition-covid19-encounter.html"/></extension><reference><reference value="StructureDefinition/covid19-encounter"/></reference><name value="COVID-19 Encounter"/><description value="Whether a patient underwent medical treatment for COVID-19"/><exampleBoolean value="false"/><groupingId value="-str-profile"/></resource><resource><extension url="http://hl7.org/fhir/StructureDefinition/implementationguide-page"><valueUri value="StructureDefinition-covid19-immunization.html"/></extension><reference><reference value="StructureDefinition/covid19-immunization"/></reference><name value="COVID-19 Immunization"/><description value="COVID-19 immunization event"/><exampleBoolean value="false"/><groupingId value="-str-profile"/></resource><resource><extension url="http://hl7.org/fhir/StructureDefinition/implementationguide-page"><valueUri value="StructureDefinition-covid19-oxygen-therapy.html"/></extension><reference><reference value="StructureDefinition/covid19-oxygen-therapy"/></reference><name value="COVID-19 Oxygen Therapy"/><description value="Indicating whether a COVID-19 patient received an oxygen therapy"/><exampleBoolean value="false"/><groupingId value="-str-profile"/></resource><resource><extension url="http://hl7.org/fhir/StructureDefinition/implementationguide-page"><valueUri value="StructureDefinition-chemotherapy.html"/></extension><reference><reference value="StructureDefinition/chemotherapy"/></reference><name value="Chemotherapy"/><description value="Whether a patient is or has been receiving a chemotherapy within the last 3 months"/><exampleBoolean value="false"/><groupingId value="-str-profile"/></resource><resource><extension url="http://hl7.org/fhir/StructureDefinition/implementationguide-page"><valueUri value="StructureDefinition-general-complaints-after-vaccination.html"/></extension><reference><reference value="StructureDefinition/general-complaints-after-vaccination"/></reference><name value="General Complaints After Vaccination"/><description value="General complaints after a vaccination event"/><exampleBoolean value="false"/><groupingId value="-str-profile"/></resource><resource><extension url="http://hl7.org/fhir/StructureDefinition/implementationguide-page"><valueUri value="StructureDefinition-immunomodulatory-therapy.html"/></extension><reference><reference value="StructureDefinition/immunomodulatory-therapy"/></reference><name value="Immunomodulatory Therapy"/><description value="Whether a patient is receiving an immunosuppressive or -modulatory therapy"/><exampleBoolean value="false"/><groupingId value="-str-profile"/></resource><resource><extension url="http://hl7.org/fhir/StructureDefinition/implementationguide-page"><valueUri value="StructureDefinition-medical-treatment-for-vaccination-adverse-reaction.html"/></extension><reference><reference value="StructureDefinition/medical-treatment-for-vaccination-adverse-reaction"/></reference><name value="Medical Treatment For Vaccination Adverse Reaction"/><description value="Whether a patient underwent medical treatment for a potential or actual adverse reaction to a vaccination event"/><exampleBoolean value="false"/><groupingId value="-str-profile"/></resource><resource><extension url="http://hl7.org/fhir/StructureDefinition/implementationguide-page"><valueUri value="StructureDefinition-regular-alcohol-intake.html"/></extension><reference><reference value="StructureDefinition/regular-alcohol-intake"/></reference><name value="Regular Alcohol Intake"/><description value="Whether a patient regularly drinks alcohol"/><exampleBoolean value="false"/><groupingId value="-str-profile"/></resource><resource><extension url="http://hl7.org/fhir/StructureDefinition/implementationguide-page"><valueUri value="StructureDefinition-regular-alcohol-intake-quantity.html"/></extension><reference><reference value="StructureDefinition/regular-alcohol-intake-quantity"/></reference><name value="Regular Alcohol Intake Quantity"/><description value="How many alcoholic drinks a patient usually drinks per day"/><exampleBoolean value="false"/><groupingId value="-str-profile"/></resource><resource><extension url="http://hl7.org/fhir/StructureDefinition/implementationguide-page"><valueUri value="StructureDefinition-sars-cov2-infection.html"/></extension><reference><reference value="StructureDefinition/sars-cov2-infection"/></reference><name value="SARS CoV2 Infection"/><description value="Profile to capture the diagnosis of disease caused by 2019 novel coronavirus."/><exampleBoolean value="false"/><groupingId value="-str-profile"/></resource><resource><extension url="http://hl7.org/fhir/StructureDefinition/implementationguide-page"><valueUri value="StructureDefinition-sars-cov2-variant.html"/></extension><reference><reference value="StructureDefinition/sars-cov2-variant"/></reference><name value="SARS CoV2 Variant"/><description value="Variant/strain of detected SARS CoV2 (Pango Cov-lineage)"/><exampleBoolean value="false"/><groupingId value="-str-profile"/></resource><resource><extension url="http://hl7.org/fhir/StructureDefinition/implementationguide-page"><valueUri value="StructureDefinition-vaccination-injection-site-erythema.html"/></extension><reference><reference value="StructureDefinition/vaccination-injection-site-erythema"/></reference><name value="Vaccination Injection Site Erythema"/><description value="Size of an erythema at a vaccine injection site"/><exampleBoolean value="false"/><groupingId value="-str-profile"/></resource><resource><extension url="http://hl7.org/fhir/StructureDefinition/implementationguide-page"><valueUri value="StructureDefinition-vaccination-injection-site-pain.html"/></extension><reference><reference value="StructureDefinition/vaccination-injection-site-pain"/></reference><name value="Vaccination Injection Site Pain"/><description value="Pain intensity at vaccine injection site at rest or movement"/><exampleBoolean value="false"/><groupingId value="-str-profile"/></resource><resource><extension url="http://hl7.org/fhir/StructureDefinition/implementationguide-page"><valueUri value="StructureDefinition-vaccination-injection-site-swelling.html"/></extension><reference><reference value="StructureDefinition/vaccination-injection-site-swelling"/></reference><name value="Vaccination Injection Site Swelling"/><description value="Size of an swelling at a vaccine injection site"/><exampleBoolean value="false"/><groupingId value="-str-profile"/></resource><resource><extension url="http://hl7.org/fhir/StructureDefinition/implementationguide-page"><valueUri value="ValueSet-analgesics-antipyretics.html"/></extension><reference><reference value="ValueSet/analgesics-antipyretics"/></reference><name value="Analgesics Antipyretics"/><description value="Analgetic and antipyretic drugs"/><exampleBoolean value="false"/><groupingId value="-term-valueset"/></resource><resource><extension url="http://hl7.org/fhir/StructureDefinition/implementationguide-page"><valueUri value="ValueSet-covid19-vaccination-contraindications.html"/></extension><reference><reference value="ValueSet/covid19-vaccination-contraindications"/></reference><name value="COVID-19 Vaccination Contraindications"/><description value="Contraindications precluding COVID-19 vaccination"/><exampleBoolean value="false"/><groupingId value="-term-valueset"/></resource><resource><extension url="http://hl7.org/fhir/StructureDefinition/implementationguide-page"><valueUri value="ValueSet-covid-vaccination-reasons.html"/></extension><reference><reference value="ValueSet/covid-vaccination-reasons"/></reference><name value="COVID-19 Vaccination Reasons"/><description value="Individual reason for getting vaccinated against COVID-19"/><exampleBoolean value="false"/><groupingId value="-term-valueset"/></resource><resource><extension url="http://hl7.org/fhir/StructureDefinition/implementationguide-page"><valueUri value="ValueSet-covid19-vaccine-codes.html"/></extension><reference><reference value="ValueSet/covid19-vaccine-codes"/></reference><name value="COVID-19 Vaccine Codes"/><description value="COVID-19 Vaccine Codes (vaccines approved in the European Union)"/><exampleBoolean value="false"/><groupingId value="-term-valueset"/></resource><resource><extension url="http://hl7.org/fhir/StructureDefinition/implementationguide-page"><valueUri value="ValueSet-ctcae-grade-value-set.html"/></extension><reference><reference value="ValueSet/ctcae-grade-value-set"/></reference><name value="CTCAE Grade Value Set"/><description value="CTCAE Grades 0 through 5. The grade of the adverse event, determined by CTCAE criteria, where 0 represents confirmation that the given adverse event did NOT occur, and 5 represents death. Note that grade 0 events are generally not reportable, but may be created to give positive confirmation that the clinician assessed or considered a particular AE."/><exampleBoolean value="false"/><groupingId value="-term-valueset"/></resource><resource><extension url="http://hl7.org/fhir/StructureDefinition/implementationguide-page"><valueUri value="ValueSet-complaint-intensity.html"/></extension><reference><reference value="ValueSet/complaint-intensity"/></reference><name value="Complaint Intensity"/><description value="Intensity of general complaints"/><exampleBoolean value="false"/><groupingId value="-term-valueset"/></resource><resource><extension url="http://hl7.org/fhir/StructureDefinition/implementationguide-page"><valueUri value="ValueSet-detected-not-detected-unknown-undetermined.html"/></extension><reference><reference value="ValueSet/detected-not-detected-unknown-undetermined"/></reference><name value="Detected Not Detected Unknown Undetermined"/><description value="Values for laboratory observations"/><exampleBoolean value="false"/><groupingId value="-term-valueset"/></resource><resource><extension url="http://hl7.org/fhir/StructureDefinition/implementationguide-page"><valueUri value="ValueSet-encounter-ambulatory-emergency-inpatient.html"/></extension><reference><reference value="ValueSet/encounter-ambulatory-emergency-inpatient"/></reference><name value="Encounter Ambulatory Emergency Inpatient"/><description value="ValueSet to determine the encounter type of a patient"/><exampleBoolean value="false"/><groupingId value="-term-valueset"/></resource><resource><extension url="http://hl7.org/fhir/StructureDefinition/implementationguide-page"><valueUri value="ValueSet-encounter-homehealth-ambulatory-inpatient.html"/></extension><reference><reference value="ValueSet/encounter-homehealth-ambulatory-inpatient"/></reference><name value="Encounter HomeHealth Ambulatory Inpatient"/><description value="ValueSet to determine the encounter type of a patient"/><exampleBoolean value="false"/><groupingId value="-term-valueset"/></resource><resource><extension url="http://hl7.org/fhir/StructureDefinition/implementationguide-page"><valueUri value="ValueSet-general-complaints-after-vaccination.html"/></extension><reference><reference value="ValueSet/general-complaints-after-vaccination"/></reference><name value="General Complaints After Vaccination"/><description value="General complaints after vaccination"/><exampleBoolean value="false"/><groupingId value="-term-valueset"/></resource><resource><extension url="http://hl7.org/fhir/StructureDefinition/implementationguide-page"><valueUri value="ValueSet-immunosuppressive-immunomodulatory-therapy.html"/></extension><reference><reference value="ValueSet/immunosuppressive-immunomodulatory-therapy"/></reference><name value="Immunosuppressive Immunomodulatory Therapy"/><description value="Immunosuppressive and immunomodulatory procedures / therapies codes"/><exampleBoolean value="false"/><groupingId value="-term-valueset"/></resource><resource><extension url="http://hl7.org/fhir/StructureDefinition/implementationguide-page"><valueUri value="ValueSet-pain-provoking-factor.html"/></extension><reference><reference value="ValueSet/pain-provoking-factor"/></reference><name value="Pain Provoking Factor"/><description value="Pain provoking factors"/><exampleBoolean value="false"/><groupingId value="-term-valueset"/></resource><resource><extension url="http://hl7.org/fhir/StructureDefinition/implementationguide-page"><valueUri value="ValueSet-present-not-present-undetermined-other.html"/></extension><reference><reference value="ValueSet/present-not-present-undetermined-other"/></reference><name value="Present Not Present Undetermined Other"/><description value="Values for laboratory observations"/><exampleBoolean value="false"/><groupingId value="-term-valueset"/></resource><resource><extension url="http://hl7.org/fhir/StructureDefinition/implementationguide-page"><valueUri value="ValueSet-restricted-event-status.html"/></extension><reference><reference value="ValueSet/restricted-event-status"/></reference><name value="RestrictedEventStatus"/><description value="EventStatus value set restricted to codes not-done, active, completed and unknown"/><exampleBoolean value="false"/><groupingId value="-term-valueset"/></resource><resource><extension url="http://hl7.org/fhir/StructureDefinition/implementationguide-page"><valueUri value="ValueSet-severity-grading.html"/></extension><reference><reference value="ValueSet/severity-grading"/></reference><name value="Severity Grading"/><description value="Scale to grade the severity of an outcome/condition/observation"/><exampleBoolean value="false"/><groupingId value="-term-valueset"/></resource><resource><extension url="http://hl7.org/fhir/StructureDefinition/implementationguide-page"><valueUri value="ValueSet-yes-no-unknown.html"/></extension><reference><reference value="ValueSet/yes-no-unknown"/></reference><name value="Yes No Unknown"/><description value="Yes / No / Unknown"/><exampleBoolean value="false"/><groupingId value="-term-valueset"/></resource><resource><extension url="http://hl7.org/fhir/StructureDefinition/implementationguide-page"><valueUri value="CodeSystem-ctcae-grade-code-system.html"/></extension><reference><reference value="CodeSystem/ctcae-grade-code-system"/></reference><name value="CTCAE Grade Code System"/><description value="Common terminology criteria (CTC) grades associated with the severity of an adverse event, expressed as integers, 0 through 5, with 0 representing no adverse event, and 5 representing death."/><exampleBoolean value="false"/><groupingId value="-term-codesystem"/></resource><resource><extension url="http://hl7.org/fhir/StructureDefinition/implementationguide-page"><valueUri value="CodeSystem-napkon-vaccination-module.html"/></extension><reference><reference value="CodeSystem/napkon-vaccination-module"/></reference><name value="NAPKON Vaccination Module Codes"/><description value="NAPKON Vaccination Module Code System - Collection of vaccination module-specific codes that are missing from common terminologies such as SNOMED CT"/><exampleBoolean value="false"/><groupingId value="-term-codesystem"/></resource><resource><extension url="http://hl7.org/fhir/StructureDefinition/implementationguide-page"><valueUri value="QuestionnaireResponse-AdditionalVaccinationWillingness.html"/></extension><reference><reference value="QuestionnaireResponse/AdditionalVaccinationWillingness"/></reference><name value="Additional Vaccination Willingness"/><description value="Example of a subject who is willing to receive an additional COVID-19 vaccination if it is officially recommended"/><exampleCanonical value="https://www.napkon.de/fhir/StructureDefinition/additional-vaccination-willingness"/><groupingId value="-ex-example"/></resource><resource><extension url="http://hl7.org/fhir/StructureDefinition/implementationguide-page"><valueUri value="Questionnaire-AdditionalVaccinationWillingnessQuestionaire.html"/></extension><reference><reference value="Questionnaire/AdditionalVaccinationWillingnessQuestionaire"/></reference><name value="Additional Vaccination Willingness"/><description value="Willingness of the patient to receive additional COVID-19 vaccination if officially recommended"/><exampleBoolean value="false"/><groupingId value="-str-questionnaire"/></resource><resource><extension url="http://hl7.org/fhir/StructureDefinition/implementationguide-page"><valueUri value="Observation-AllergicReactionToVaccinationInstance.html"/></extension><reference><reference value="Observation/AllergicReactionToVaccinationInstance"/></reference><name value="Allergic Reaction To Vaccination Instance"/><description value="Example of an undetermined state of an allergic reaction cause by a vaccine"/><exampleCanonical value="https://www.napkon.de/fhir/StructureDefinition/allergic-reaction-to-vaccination"/><groupingId value="-ex-example"/></resource><resource><extension url="http://hl7.org/fhir/StructureDefinition/implementationguide-page"><valueUri value="Observation-AllergicReactionToVaccinationInstanceOther.html"/></extension><reference><reference value="Observation/AllergicReactionToVaccinationInstanceOther"/></reference><name value="Allergic Reaction To Vaccination Instance"/><description value="Example of a free-text answer to an allergic reaction caused by vaccination"/><exampleCanonical value="https://www.napkon.de/fhir/StructureDefinition/allergic-reaction-to-vaccination"/><groupingId value="-ex-example"/></resource><resource><extension url="http://hl7.org/fhir/StructureDefinition/implementationguide-page"><valueUri value="MedicationStatement-AnalgesicAntipyreticIntakeAfterVaccination.html"/></extension><reference><reference value="MedicationStatement/AnalgesicAntipyreticIntakeAfterVaccination"/></reference><name value="Analgesic Antipyretic Intake After Vaccination"/><description value="Example of an antipyretic drug taken after a vaccination event"/><exampleCanonical value="https://www.napkon.de/fhir/StructureDefinition/analgesic-antipyretic-intake-after-vaccination"/><groupingId value="-ex-example"/></resource><resource><extension url="http://hl7.org/fhir/StructureDefinition/implementationguide-page"><valueUri value="Observation-BodyTemperatureAfterVaccinationNotMeasured.html"/></extension><reference><reference value="Observation/BodyTemperatureAfterVaccinationNotMeasured"/></reference><name value="Body Temperature After Vaccination"/><description value="Example of a not measured body temperature after vaccination"/><exampleCanonical value="https://www.napkon.de/fhir/StructureDefinition/body-temperature-after-vaccination"/><groupingId value="-ex-example"/></resource><resource><extension url="http://hl7.org/fhir/StructureDefinition/implementationguide-page"><valueUri value="Observation-BodyTemperatureAfterVaccinationQuantity.html"/></extension><reference><reference value="Observation/BodyTemperatureAfterVaccinationQuantity"/></reference><name value="Body Temperature After Vaccination"/><description value="Example of an elevated body temperature after vaccination"/><exampleCanonical value="https://www.napkon.de/fhir/StructureDefinition/body-temperature-after-vaccination"/><groupingId value="-ex-example"/></resource><resource><extension url="http://hl7.org/fhir/StructureDefinition/implementationguide-page"><valueUri value="Observation-BodyTemperatureAfterVaccinationRange.html"/></extension><reference><reference value="Observation/BodyTemperatureAfterVaccinationRange"/></reference><name value="Body Temperature After Vaccination"/><description value="Example of an elevated body temperature after vaccination"/><exampleCanonical value="https://www.napkon.de/fhir/StructureDefinition/body-temperature-after-vaccination"/><groupingId value="-ex-example"/></resource><resource><extension url="http://hl7.org/fhir/StructureDefinition/implementationguide-page"><valueUri value="Encounter-COVID19EncounterInpatient.html"/></extension><reference><reference value="Encounter/COVID19EncounterInpatient"/></reference><name value="Medical Treatment For Vaccination Adverse Reaction"/><description value="Example of a patient hospitalized for a potential or actual adverse reaction to a vaccination event"/><exampleCanonical value="https://www.napkon.de/fhir/StructureDefinition/covid19-encounter"/><groupingId value="-ex-example"/></resource><resource><extension url="http://hl7.org/fhir/StructureDefinition/implementationguide-page"><valueUri value="Procedure-COVID19OxygenTherapy.html"/></extension><reference><reference value="Procedure/COVID19OxygenTherapy"/></reference><name value="COVID-19 Oxygen Therapy"/><description value="Example of a COVID-19 patient who received an oxygen therapy"/><exampleCanonical value="https://www.napkon.de/fhir/StructureDefinition/covid19-oxygen-therapy"/><groupingId value="-ex-example"/></resource><resource><extension url="http://hl7.org/fhir/StructureDefinition/implementationguide-page"><valueUri value="Immunization-COVIDVaccinationDone.html"/></extension><reference><reference value="Immunization/COVIDVaccinationDone"/></reference><name value="COVID-19 Vaccination Done"/><description value="Example of a patient having received a vaccination"/><exampleCanonical value="https://www.napkon.de/fhir/StructureDefinition/covid19-immunization"/><groupingId value="-ex-example"/></resource><resource><extension url="http://hl7.org/fhir/StructureDefinition/implementationguide-page"><valueUri value="Immunization-COVIDVaccinationNotDone.html"/></extension><reference><reference value="Immunization/COVIDVaccinationNotDone"/></reference><name value="COVID-19 Vaccination Not Done"/><description value="Example of a patient not receiving a vaccination due to pregnancy"/><exampleCanonical value="https://www.napkon.de/fhir/StructureDefinition/covid19-immunization"/><groupingId value="-ex-example"/></resource><resource><extension url="http://hl7.org/fhir/StructureDefinition/implementationguide-page"><valueUri value="Immunization-COVIDVaccinationNotDoneReasonOther.html"/></extension><reference><reference value="Immunization/COVIDVaccinationNotDoneReasonOther"/></reference><name value="COVID-19 Vaccination Not Done Reason Other"/><description value="Example of a patient not receiving a vaccination due to a specified (free-text) &#39;other reason&#39;"/><exampleCanonical value="https://www.napkon.de/fhir/StructureDefinition/covid19-immunization"/><groupingId value="-ex-example"/></resource><resource><extension url="http://hl7.org/fhir/StructureDefinition/implementationguide-page"><valueUri value="Procedure-Chemotherapy.html"/></extension><reference><reference value="Procedure/Chemotherapy"/></reference><name value="Chemotherapy"/><description value="Example of a patient not receiving chemotherapy during the last 3 months"/><exampleCanonical value="https://www.napkon.de/fhir/StructureDefinition/chemotherapy"/><groupingId value="-ex-example"/></resource><resource><extension url="http://hl7.org/fhir/StructureDefinition/implementationguide-page"><valueUri value="Patient-ExamplePatient.html"/></extension><reference><reference value="Patient/ExamplePatient"/></reference><name value="ExamplePatient"/><description value="Example patient to be used as reference in other instances"/><exampleBoolean value="true"/><groupingId value="-ex-example"/></resource><resource><extension url="http://hl7.org/fhir/StructureDefinition/implementationguide-page"><valueUri value="Condition-GeneralComplaintsAfterVaccination.html"/></extension><reference><reference value="Condition/GeneralComplaintsAfterVaccination"/></reference><name value="General Complaints After Vaccination"/><description value="Example of a chill after a vaccination event"/><exampleCanonical value="https://www.napkon.de/fhir/StructureDefinition/general-complaints-after-vaccination"/><groupingId value="-ex-example"/></resource><resource><extension url="http://hl7.org/fhir/StructureDefinition/implementationguide-page"><valueUri value="Procedure-ImmunomodulatoryTherapy.html"/></extension><reference><reference value="Procedure/ImmunomodulatoryTherapy"/></reference><name value="Immunomodulatory Therapy"/><description value="Example of a patient receiving an immunosuppresive therapy"/><exampleCanonical value="https://www.napkon.de/fhir/StructureDefinition/immunomodulatory-therapy"/><groupingId value="-ex-example"/></resource><resource><extension url="http://hl7.org/fhir/StructureDefinition/implementationguide-page"><valueUri value="Procedure-ImmunomodulatoryTherapyNotDone.html"/></extension><reference><reference value="Procedure/ImmunomodulatoryTherapyNotDone"/></reference><name value="Immunomodulatory Therapy"/><description value="Example of a patient not receiving an immunosuppresive therapy"/><exampleCanonical value="https://www.napkon.de/fhir/StructureDefinition/immunomodulatory-therapy"/><groupingId value="-ex-example"/></resource><resource><extension url="http://hl7.org/fhir/StructureDefinition/implementationguide-page"><valueUri value="Encounter-MedicalTreatmentForVaccinationAdverseReactionAtGP.html"/></extension><reference><reference value="Encounter/MedicalTreatmentForVaccinationAdverseReactionAtGP"/></reference><name value="Medical Treatment For Vaccination Adverse Reaction"/><description value="Example of a patient treated in the mergency room or by a general practitioner for a potential or actual adverse reaction to a vaccination event"/><exampleCanonical value="https://www.napkon.de/fhir/StructureDefinition/medical-treatment-for-vaccination-adverse-reaction"/><groupingId value="-ex-example"/></resource><resource><extension url="http://hl7.org/fhir/StructureDefinition/implementationguide-page"><valueUri value="Encounter-MedicalTreatmentForVaccinationAdverseReactionInHospital.html"/></extension><reference><reference value="Encounter/MedicalTreatmentForVaccinationAdverseReactionInHospital"/></reference><name value="Medical Treatment For Vaccination Adverse Reaction"/><description value="Example of a patient hospitalized for a potential or actual adverse reaction to a vaccination event"/><exampleCanonical value="https://www.napkon.de/fhir/StructureDefinition/medical-treatment-for-vaccination-adverse-reaction"/><groupingId value="-ex-example"/></resource><resource><extension url="http://hl7.org/fhir/StructureDefinition/implementationguide-page"><valueUri value="Observation-RegularAlcoholIntake1.html"/></extension><reference><reference value="Observation/RegularAlcoholIntake1"/></reference><name value="Regular Alcohol Intake"/><description value="Example of a patient who drinks a single drink per week"/><exampleCanonical value="https://www.napkon.de/fhir/StructureDefinition/regular-alcohol-intake"/><groupingId value="-ex-example"/></resource><resource><extension url="http://hl7.org/fhir/StructureDefinition/implementationguide-page"><valueUri value="Observation-RegularAlcoholIntake4.html"/></extension><reference><reference value="Observation/RegularAlcoholIntake4"/></reference><name value="Regular Alcohol Intake"/><description value="Example of a patient who drinks at least 4 drinks per week"/><exampleCanonical value="https://www.napkon.de/fhir/StructureDefinition/regular-alcohol-intake"/><groupingId value="-ex-example"/></resource><resource><extension url="http://hl7.org/fhir/StructureDefinition/implementationguide-page"><valueUri value="Observation-RegularAlcoholIntakeNo.html"/></extension><reference><reference value="Observation/RegularAlcoholIntakeNo"/></reference><name value="Regular Alcohol Intake"/><description value="Example of a patient for whom the alcohol intake is unknown"/><exampleCanonical value="https://www.napkon.de/fhir/StructureDefinition/regular-alcohol-intake"/><groupingId value="-ex-example"/></resource><resource><extension url="http://hl7.org/fhir/StructureDefinition/implementationguide-page"><valueUri value="Observation-RegularAlcoholIntakeNoLonger.html"/></extension><reference><reference value="Observation/RegularAlcoholIntakeNoLonger"/></reference><name value="Regular Alcohol Intake"/><description value="Example of a patient who does no longer drink alcohol"/><exampleCanonical value="https://www.napkon.de/fhir/StructureDefinition/regular-alcohol-intake"/><groupingId value="-ex-example"/></resource><resource><extension url="http://hl7.org/fhir/StructureDefinition/implementationguide-page"><valueUri value="Observation-RegularAlcoholIntakeQuantity.html"/></extension><reference><reference value="Observation/RegularAlcoholIntakeQuantity"/></reference><name value="Regular Alcohol Intake Quantity"/><description value="Example of intake of 5 or more alcoholic beverages per day"/><exampleCanonical value="https://www.napkon.de/fhir/StructureDefinition/regular-alcohol-intake-quantity"/><groupingId value="-ex-example"/></resource><resource><extension url="http://hl7.org/fhir/StructureDefinition/implementationguide-page"><valueUri value="Observation-RegularAlcoholIntakeQuantityNone.html"/></extension><reference><reference value="Observation/RegularAlcoholIntakeQuantityNone"/></reference><name value="Regular Alcohol Intake Quantity"/><description value="Example of a patient for whom the quantity is unknown"/><exampleCanonical value="https://www.napkon.de/fhir/StructureDefinition/regular-alcohol-intake-quantity"/><groupingId value="-ex-example"/></resource><resource><extension url="http://hl7.org/fhir/StructureDefinition/implementationguide-page"><valueUri value="Condition-SARSCoV2Infection.html"/></extension><reference><reference value="Condition/SARSCoV2Infection"/></reference><name value="SARS CoV2 Infection"/><description value="Example of a patient with a SARS CoV2 infection"/><exampleCanonical value="https://www.napkon.de/fhir/StructureDefinition/sars-cov2-infection"/><groupingId value="-ex-example"/></resource><resource><extension url="http://hl7.org/fhir/StructureDefinition/implementationguide-page"><valueUri value="Condition-SARSCoV2InfectionNone.html"/></extension><reference><reference value="Condition/SARSCoV2InfectionNone"/></reference><name value="SARS CoV2 Infection"/><description value="Example of a patient without SARS CoV2 infection"/><exampleCanonical value="https://www.napkon.de/fhir/StructureDefinition/sars-cov2-infection"/><groupingId value="-ex-example"/></resource><resource><extension url="http://hl7.org/fhir/StructureDefinition/implementationguide-page"><valueUri value="Condition-SARSCoV2InfectionUnknown.html"/></extension><reference><reference value="Condition/SARSCoV2InfectionUnknown"/></reference><name value="SARS CoV2 Infection"/><description value="Example of an unknown SARS CoV2 infection"/><exampleCanonical value="https://www.napkon.de/fhir/StructureDefinition/sars-cov2-infection"/><groupingId value="-ex-example"/></resource><resource><extension url="http://hl7.org/fhir/StructureDefinition/implementationguide-page"><valueUri value="Observation-SARSCoV2Variant.html"/></extension><reference><reference value="Observation/SARSCoV2Variant"/></reference><name value="SARS CoV2 Variant"/><description value="Example of a SARS CoV2 variant (Pango lineage)"/><exampleCanonical value="https://www.napkon.de/fhir/StructureDefinition/sars-cov2-variant"/><groupingId value="-ex-example"/></resource><resource><extension url="http://hl7.org/fhir/StructureDefinition/implementationguide-page"><valueUri value="Observation-VaccinationInjectionSiteErythema.html"/></extension><reference><reference value="Observation/VaccinationInjectionSiteErythema"/></reference><name value="Vaccination Injection Site Erythema"/><description value="Example of a 2.5-5 cm erythema at a vaccine injection site"/><exampleCanonical value="https://www.napkon.de/fhir/StructureDefinition/vaccination-injection-site-erythema"/><groupingId value="-ex-example"/></resource><resource><extension url="http://hl7.org/fhir/StructureDefinition/implementationguide-page"><valueUri value="Observation-VaccinationInjectionSitePain.html"/></extension><reference><reference value="Observation/VaccinationInjectionSitePain"/></reference><name value="Vaccination Injection Site Pain Rest"/><description value="Example of mild pain at vaccine injection site at rest and movement"/><exampleCanonical value="https://www.napkon.de/fhir/StructureDefinition/vaccination-injection-site-pain"/><groupingId value="-ex-example"/></resource><resource><extension url="http://hl7.org/fhir/StructureDefinition/implementationguide-page"><valueUri value="Observation-VaccinationInjectionSiteSwelling.html"/></extension><reference><reference value="Observation/VaccinationInjectionSiteSwelling"/></reference><name value="Vaccination Injection Site Swelling Instance"/><description value="Example of a 5.1-10 cm swelling at a vaccine injection site"/><exampleCanonical value="https://www.napkon.de/fhir/StructureDefinition/vaccination-injection-site-swelling"/><groupingId value="-ex-example"/></resource><page><nameUrl value="toc.html"/><title value="Table of Contents"/><generation value="html"/><page><nameUrl value="index.html"/><title value="NAPKON Vaccination Module"/><generation value="markdown"/></page><page><nameUrl value="profiles.html"/><title value="Profiles"/><generation value="markdown"/></page><page><nameUrl value="codesystems.html"/><title value="Code Systems"/><generation value="markdown"/></page><page><nameUrl value="valuesets.html"/><title value="Value Sets"/><generation value="markdown"/></page><page><nameUrl value="extensions.html"/><title value="Extensions"/><generation value="markdown"/></page><page><nameUrl value="examples.html"/><title value="Examples"/><generation value="markdown"/></page><page><nameUrl value="downloads.html"/><title value="Downloads"/><generation value="html"/></page><page><nameUrl value="changelog.html"/><title value="Change Log"/><generation value="markdown"/></page><page><nameUrl value="artifacts.html"/><title value="Artifacts Summary"/><generation value="html"/><page><nameUrl value="Questionnaire-AdditionalVaccinationWillingnessQuestionaire.html"/><title value="Additional Vaccination Willingness"/><generation value="generated"/></page><page><nameUrl value="StructureDefinition-additional-vaccination-willingness.html"/><title value="Additional Vaccination Willingness"/><generation value="generated"/></page><page><nameUrl value="StructureDefinition-allergic-reaction-to-vaccination.html"/><title value="Allergic Reaction To Vaccination"/><generation value="generated"/></page><page><nameUrl value="StructureDefinition-analgesic-antipyretic-intake-after-vaccination.html"/><title value="Analgesic Antipyretic Intake After Vaccination"/><generation value="generated"/></page><page><nameUrl value="StructureDefinition-body-temperature-after-vaccination.html"/><title value="Body Temperature After Vaccination"/><generation value="generated"/></page><page><nameUrl value="StructureDefinition-covid19-encounter.html"/><title value="COVID-19 Encounter"/><generation value="generated"/></page><page><nameUrl value="StructureDefinition-covid19-immunization.html"/><title value="COVID-19 Immunization"/><generation value="generated"/></page><page><nameUrl value="StructureDefinition-covid19-oxygen-therapy.html"/><title value="COVID-19 Oxygen Therapy"/><generation value="generated"/></page><page><nameUrl value="StructureDefinition-chemotherapy.html"/><title value="Chemotherapy"/><generation value="generated"/></page><page><nameUrl value="StructureDefinition-general-complaints-after-vaccination.html"/><title value="General Complaints After Vaccination"/><generation value="generated"/></page><page><nameUrl value="StructureDefinition-immunomodulatory-therapy.html"/><title value="Immunomodulatory Therapy"/><generation value="generated"/></page><page><nameUrl value="StructureDefinition-medical-treatment-for-vaccination-adverse-reaction.html"/><title value="Medical Treatment For Vaccination Adverse Reaction"/><generation value="generated"/></page><page><nameUrl value="StructureDefinition-regular-alcohol-intake.html"/><title value="Regular Alcohol Intake"/><generation value="generated"/></page><page><nameUrl value="StructureDefinition-regular-alcohol-intake-quantity.html"/><title value="Regular Alcohol Intake Quantity"/><generation value="generated"/></page><page><nameUrl value="StructureDefinition-sars-cov2-infection.html"/><title value="SARS CoV2 Infection"/><generation value="generated"/></page><page><nameUrl value="StructureDefinition-sars-cov2-variant.html"/><title value="SARS CoV2 Variant"/><generation value="generated"/></page><page><nameUrl value="StructureDefinition-vaccination-injection-site-erythema.html"/><title value="Vaccination Injection Site Erythema"/><generation value="generated"/></page><page><nameUrl value="StructureDefinition-vaccination-injection-site-pain.html"/><title value="Vaccination Injection Site Pain"/><generation value="generated"/></page><page><nameUrl value="StructureDefinition-vaccination-injection-site-swelling.html"/><title value="Vaccination Injection Site Swelling"/><generation value="generated"/></page><page><nameUrl value="ValueSet-analgesics-antipyretics.html"/><title value="Analgesics Antipyretics"/><generation value="generated"/></page><page><nameUrl value="ValueSet-covid19-vaccination-contraindications.html"/><title value="COVID-19 Vaccination Contraindications"/><generation value="generated"/></page><page><nameUrl value="ValueSet-covid-vaccination-reasons.html"/><title value="COVID-19 Vaccination Reasons"/><generation value="generated"/></page><page><nameUrl value="ValueSet-covid19-vaccine-codes.html"/><title value="COVID-19 Vaccine Codes"/><generation value="generated"/></page><page><nameUrl value="ValueSet-ctcae-grade-value-set.html"/><title value="CTCAE Grade Value Set"/><generation value="generated"/></page><page><nameUrl value="ValueSet-complaint-intensity.html"/><title value="Complaint Intensity"/><generation value="generated"/></page><page><nameUrl value="ValueSet-detected-not-detected-unknown-undetermined.html"/><title value="Detected Not Detected Unknown Undetermined"/><generation value="generated"/></page><page><nameUrl value="ValueSet-encounter-ambulatory-emergency-inpatient.html"/><title value="Encounter Ambulatory Emergency Inpatient"/><generation value="generated"/></page><page><nameUrl value="ValueSet-encounter-homehealth-ambulatory-inpatient.html"/><title value="Encounter HomeHealth Ambulatory Inpatient"/><generation value="generated"/></page><page><nameUrl value="ValueSet-general-complaints-after-vaccination.html"/><title value="General Complaints After Vaccination"/><generation value="generated"/></page><page><nameUrl value="ValueSet-immunosuppressive-immunomodulatory-therapy.html"/><title value="Immunosuppressive Immunomodulatory Therapy"/><generation value="generated"/></page><page><nameUrl value="ValueSet-pain-provoking-factor.html"/><title value="Pain Provoking Factor"/><generation value="generated"/></page><page><nameUrl value="ValueSet-present-not-present-undetermined-other.html"/><title value="Present Not Present Undetermined Other"/><generation value="generated"/></page><page><nameUrl value="ValueSet-restricted-event-status.html"/><title value="RestrictedEventStatus"/><generation value="generated"/></page><page><nameUrl value="ValueSet-severity-grading.html"/><title value="Severity Grading"/><generation value="generated"/></page><page><nameUrl value="ValueSet-yes-no-unknown.html"/><title value="Yes No Unknown"/><generation value="generated"/></page><page><nameUrl value="CodeSystem-ctcae-grade-code-system.html"/><title value="CTCAE Grade Code System"/><generation value="generated"/></page><page><nameUrl value="CodeSystem-napkon-vaccination-module.html"/><title value="NAPKON Vaccination Module Codes"/><generation value="generated"/></page><page><nameUrl value="QuestionnaireResponse-AdditionalVaccinationWillingness.html"/><title value="Additional Vaccination Willingness"/><generation value="generated"/></page><page><nameUrl value="Observation-AllergicReactionToVaccinationInstance.html"/><title value="Allergic Reaction To Vaccination Instance"/><generation value="generated"/></page><page><nameUrl value="Observation-AllergicReactionToVaccinationInstanceOther.html"/><title value="Allergic Reaction To Vaccination Instance"/><generation value="generated"/></page><page><nameUrl value="MedicationStatement-AnalgesicAntipyreticIntakeAfterVaccination.html"/><title value="Analgesic Antipyretic Intake After Vaccination"/><generation value="generated"/></page><page><nameUrl value="Observation-BodyTemperatureAfterVaccinationNotMeasured.html"/><title value="Body Temperature After Vaccination"/><generation value="generated"/></page><page><nameUrl value="Observation-BodyTemperatureAfterVaccinationQuantity.html"/><title value="Body Temperature After Vaccination"/><generation value="generated"/></page><page><nameUrl value="Observation-BodyTemperatureAfterVaccinationRange.html"/><title value="Body Temperature After Vaccination"/><generation value="generated"/></page><page><nameUrl value="Encounter-COVID19EncounterInpatient.html"/><title value="Medical Treatment For Vaccination Adverse Reaction"/><generation value="generated"/></page><page><nameUrl value="Procedure-COVID19OxygenTherapy.html"/><title value="COVID-19 Oxygen Therapy"/><generation value="generated"/></page><page><nameUrl value="Immunization-COVIDVaccinationDone.html"/><title value="COVID-19 Vaccination Done"/><generation value="generated"/></page><page><nameUrl value="Immunization-COVIDVaccinationNotDone.html"/><title value="COVID-19 Vaccination Not Done"/><generation value="generated"/></page><page><nameUrl value="Immunization-COVIDVaccinationNotDoneReasonOther.html"/><title value="COVID-19 Vaccination Not Done Reason Other"/><generation value="generated"/></page><page><nameUrl value="Procedure-Chemotherapy.html"/><title value="Chemotherapy"/><generation value="generated"/></page><page><nameUrl value="Patient-ExamplePatient.html"/><title value="ExamplePatient"/><generation value="generated"/></page><page><nameUrl value="Condition-GeneralComplaintsAfterVaccination.html"/><title value="General Complaints After Vaccination"/><generation value="generated"/></page><page><nameUrl value="Procedure-ImmunomodulatoryTherapy.html"/><title value="Immunomodulatory Therapy"/><generation value="generated"/></page><page><nameUrl value="Procedure-ImmunomodulatoryTherapyNotDone.html"/><title value="Immunomodulatory Therapy"/><generation value="generated"/></page><page><nameUrl value="Encounter-MedicalTreatmentForVaccinationAdverseReactionAtGP.html"/><title value="Medical Treatment For Vaccination Adverse Reaction"/><generation value="generated"/></page><page><nameUrl value="Encounter-MedicalTreatmentForVaccinationAdverseReactionInHospital.html"/><title value="Medical Treatment For Vaccination Adverse Reaction"/><generation value="generated"/></page><page><nameUrl value="Observation-RegularAlcoholIntake1.html"/><title value="Regular Alcohol Intake"/><generation value="generated"/></page><page><nameUrl value="Observation-RegularAlcoholIntake4.html"/><title value="Regular Alcohol Intake"/><generation value="generated"/></page><page><nameUrl value="Observation-RegularAlcoholIntakeNo.html"/><title value="Regular Alcohol Intake"/><generation value="generated"/></page><page><nameUrl value="Observation-RegularAlcoholIntakeNoLonger.html"/><title value="Regular Alcohol Intake"/><generation value="generated"/></page><page><nameUrl value="Observation-RegularAlcoholIntakeQuantity.html"/><title value="Regular Alcohol Intake Quantity"/><generation value="generated"/></page><page><nameUrl value="Observation-RegularAlcoholIntakeQuantityNone.html"/><title value="Regular Alcohol Intake Quantity"/><generation value="generated"/></page><page><nameUrl value="Condition-SARSCoV2Infection.html"/><title value="SARS CoV2 Infection"/><generation value="generated"/></page><page><nameUrl value="Condition-SARSCoV2InfectionNone.html"/><title value="SARS CoV2 Infection"/><generation value="generated"/></page><page><nameUrl value="Condition-SARSCoV2InfectionUnknown.html"/><title value="SARS CoV2 Infection"/><generation value="generated"/></page><page><nameUrl value="Observation-SARSCoV2Variant.html"/><title value="SARS CoV2 Variant"/><generation value="generated"/></page><page><nameUrl value="Observation-VaccinationInjectionSiteErythema.html"/><title value="Vaccination Injection Site Erythema"/><generation value="generated"/></page><page><nameUrl value="Observation-VaccinationInjectionSitePain.html"/><title value="Vaccination Injection Site Pain Rest"/><generation value="generated"/></page><page><nameUrl value="Observation-VaccinationInjectionSiteSwelling.html"/><title value="Vaccination Injection Site Swelling Instance"/><generation value="generated"/></page></page></page><parameter><code value="path-resource"/><value value="input/capabilities"/></parameter><parameter><code value="path-resource"/><value value="input/examples"/></parameter><parameter><code value="path-resource"/><value value="input/extensions"/></parameter><parameter><code value="path-resource"/><value value="input/models"/></parameter><parameter><code value="path-resource"/><value value="input/operations"/></parameter><parameter><code value="path-resource"/><value value="input/profiles"/></parameter><parameter><code value="path-resource"/><value value="input/resources"/></parameter><parameter><code value="path-resource"/><value value="input/vocabulary"/></parameter><parameter><code value="path-resource"/><value value="input/maps"/></parameter><parameter><code value="path-resource"/><value value="input/testing"/></parameter><parameter><code value="path-resource"/><value value="input/history"/></parameter><parameter><code value="path-resource"/><value value="fsh-generated/resources"/></parameter><parameter><code value="path-pages"/><value value="template/config"/></parameter><parameter><code value="path-pages"/><value value="input/images"/></parameter><parameter><code value="path-tx-cache"/><value value="input-cache/txcache"/></parameter></definition></ImplementationGuide>