<?xml version="1.0" encoding="UTF-8"?><ValueSet xmlns="http://hl7.org/fhir"><id value="ctcae-grade-value-set"/><text><status value="generated"/><div xmlns="http://www.w3.org/1999/xhtml"><ul><li>Include all codes defined in <a href="CodeSystem-ctcae-grade-code-system.html"><code>https://www.napkon.de/fhir/CodeSystem/ctcae-grade-code-system</code></a></li></ul></div></text><url value="https://www.napkon.de/fhir/ValueSet/ctcae-grade-value-set"/><version value="1.0.0"/><name value="CTCAEGradeVS"/><title value="CTCAE Grade Value Set"/><status value="active"/><date value="2021-11-25T00:25:38+01:00"/><publisher value="Charité - Universitätsmedizin Berlin"/><contact><name value="Charité - Universitätsmedizin Berlin"/><telecom><system value="url"/><value value="https://www.netzwerk-universitaetsmedizin.de"/></telecom></contact><description value="CTCAE Grades 0 through 5. The grade of the adverse event, determined by CTCAE criteria, where 0 represents confirmation that the given adverse event did NOT occur, and 5 represents death. Note that grade 0 events are generally not reportable, but may be created to give positive confirmation that the clinician assessed or considered a particular AE."/><compose><include><system value="https://www.napkon.de/fhir/CodeSystem/ctcae-grade-code-system"/></include></compose></ValueSet>