<?xml version="1.0" encoding="UTF-8"?><ValueSet xmlns="http://hl7.org/fhir"><id value="encounter-homehealth-ambulatory-inpatient"/><text><status value="extensions"/><div xmlns="http://www.w3.org/1999/xhtml"><ul><li>Include these codes as defined in <a href="http://terminology.hl7.org/3.0.0/CodeSystem-v3-ActCode.html"><code>http://terminology.hl7.org/CodeSystem/v3-ActCode</code></a><table class="none"><tr><td style="white-space:nowrap"><b>Code</b></td><td><b>Display</b></td><td><b>Definition</b></td></tr><tr><td><a href="http://terminology.hl7.org/3.0.0/CodeSystem-v3-ActCode.html#v3-ActCode-HH">HH</a></td><td>home health</td><td>Healthcare encounter that takes place in the residence of the patient or a designee</td></tr><tr><td><a href="http://terminology.hl7.org/3.0.0/CodeSystem-v3-ActCode.html#v3-ActCode-AMB">AMB</a></td><td>ambulatory</td><td>A comprehensive term for health care provided in a healthcare facility (e.g. a practitioneraTMs office, clinic setting, or hospital) on a nonresident basis. The term ambulatory usually implies that the patient has come to the location and is not assigned to a bed. Sometimes referred to as an outpatient encounter.</td></tr><tr><td><a href="http://terminology.hl7.org/3.0.0/CodeSystem-v3-ActCode.html#v3-ActCode-IMP">IMP</a></td><td>inpatient encounter</td><td>A patient encounter where a patient is admitted by a hospital or equivalent facility, assigned to a location where patients generally stay at least overnight and provided with room, board, and continuous nursing service.</td></tr></table></li></ul></div></text><url value="https://www.napkon.de/fhir/ValueSet/encounter-homehealth-ambulatory-inpatient"/><version value="1.0.0"/><name value="EncounterHomeHealthAmbulatoryInpatient"/><title value="Encounter HomeHealth Ambulatory Inpatient"/><status value="active"/><date value="2021-12-07T17:21:29+00:00"/><description value="ValueSet to determine the encounter type of a patient"/><compose><include><system value="http://terminology.hl7.org/CodeSystem/v3-ActCode"/><concept><code value="HH"/><display value="home health"/></concept><concept><code value="AMB"/><display value="ambulatory"/></concept><concept><code value="IMP"/><display value="inpatient encounter"/></concept></include></compose></ValueSet>