<?xml version="1.0" encoding="UTF-8"?><ValueSet xmlns="http://hl7.org/fhir"><id value="severity-grading"/><text><status value="generated"/><div xmlns="http://www.w3.org/1999/xhtml"><ul><li>Include these codes as defined in <a href="http://www.snomed.org/"><code>http://snomed.info/sct</code></a> version <code>http://snomed.info/sct/900000000000207008/version/20210731</code><table class="none"><tr><td style="white-space:nowrap"><b>Code</b></td><td><b>Display</b></td></tr><tr><td><a href="http://browser.ihtsdotools.org/?perspective=full&amp;conceptId1=260413007">260413007</a></td><td>None (qualifier value)</td></tr><tr><td><a href="http://browser.ihtsdotools.org/?perspective=full&amp;conceptId1=255604002">255604002</a></td><td>Mild (qualifier value)</td></tr><tr><td><a href="http://browser.ihtsdotools.org/?perspective=full&amp;conceptId1=6736007">6736007</a></td><td>Moderate (severity modifier) (qualifier value)</td></tr><tr><td><a href="http://browser.ihtsdotools.org/?perspective=full&amp;conceptId1=24484000">24484000</a></td><td>Severe (severity modifier) (qualifier value)</td></tr></table></li></ul></div></text><url value="https://www.napkon.de/fhir/ValueSet/severity-grading"/><version value="1.0.0"/><name value="SeverityGrading"/><title value="Severity Grading"/><status value="active"/><date value="2021-12-06T10:42:28+00:00"/><description value="Scale to grade the severity of an outcome/condition/observation"/><compose><include><system value="http://snomed.info/sct"/><version value="http://snomed.info/sct/900000000000207008/version/20210731"/><concept><code value="260413007"/><display value="None (qualifier value)"/></concept><concept><code value="255604002"/><display value="Mild (qualifier value)"/></concept><concept><code value="6736007"/><display value="Moderate (severity modifier) (qualifier value)"/></concept><concept><code value="24484000"/><display value="Severe (severity modifier) (qualifier value)"/></concept></include></compose></ValueSet>