{
  "resourceType": "CodeSystem",
  "id": "ctcae-grade-code-system",
  "text": {
    "status": "generated",
    "div": "<div xmlns=\"http://www.w3.org/1999/xhtml\"><p>This code system https://www.napkon.de/fhir/CodeSystem/ctcae-grade-code-system defines the following codes:</p><table class=\"codes\"><tr><td style=\"white-space:nowrap\"><b>Code</b></td><td><b>Display</b></td><td><b>Definition</b></td></tr><tr><td style=\"white-space:nowrap\">0<a name=\"ctcae-grade-code-system-0\"> </a></td><td>Absent Adverse Event</td><td>The absence of adverse events or within normal limits or values.</td></tr><tr><td style=\"white-space:nowrap\">1<a name=\"ctcae-grade-code-system-1\"> </a></td><td>Mild Adverse Event</td><td>An experience that is usually transient, and requires no special treatment or intervention. The event does not generally interfere with usual daily activities. Includes transient laboratory test alterations.</td></tr><tr><td style=\"white-space:nowrap\">2<a name=\"ctcae-grade-code-system-2\"> </a></td><td>Moderate Adverse Event</td><td>An experience that is alleviated with simple therapeutic treatments. The event impacts usual daily activities. Includes laboratory test alterations indicating injury, but without long-term risk.</td></tr><tr><td style=\"white-space:nowrap\">3<a name=\"ctcae-grade-code-system-3\"> </a></td><td>Severe Adverse Event</td><td>An adverse event experience that requires intensive therapeutic intervention and interrupts usual daily activities.</td></tr><tr><td style=\"white-space:nowrap\">4<a name=\"ctcae-grade-code-system-4\"> </a></td><td>Life Threatening or Disabling Adverse Event</td><td>Any adverse event that places the patient, in the view of the initial reporter, at immediate risk of death from the adverse event as it occurred, i.e., it does not include an adverse experience that, had it occurred in a more severe form, might have caused death.</td></tr><tr><td style=\"white-space:nowrap\">5<a name=\"ctcae-grade-code-system-5\"> </a></td><td>Death Related to Adverse Event</td><td>The termination of life associated with an adverse event.</td></tr></table></div>"
  },
  "url": "https://www.napkon.de/fhir/CodeSystem/ctcae-grade-code-system",
  "version": "1.0.0",
  "name": "CTCAEGradeCS",
  "title": "CTCAE Grade Code System",
  "status": "active",
  "date": "2021-11-25T00:25:38+01:00",
  "publisher": "Charité - Universitätsmedizin Berlin",
  "contact": [
    {
      "name": "Charité - Universitätsmedizin Berlin",
      "telecom": [
        {
          "system": "url",
          "value": "https://www.netzwerk-universitaetsmedizin.de"
        }
      ]
    }
  ],
  "description": "Common terminology criteria (CTC) grades associated with the severity of an adverse event, expressed as integers, 0 through 5, with 0 representing no adverse event, and 5 representing death.",
  "content": "complete",
  "count": 6,
  "concept": [
    {
      "code": "0",
      "display": "Absent Adverse Event",
      "definition": "The absence of adverse events or within normal limits or values."
    },
    {
      "code": "1",
      "display": "Mild Adverse Event",
      "definition": "An experience that is usually transient, and requires no special treatment or intervention. The event does not generally interfere with usual daily activities. Includes transient laboratory test alterations."
    },
    {
      "code": "2",
      "display": "Moderate Adverse Event",
      "definition": "An experience that is alleviated with simple therapeutic treatments. The event impacts usual daily activities. Includes laboratory test alterations indicating injury, but without long-term risk."
    },
    {
      "code": "3",
      "display": "Severe Adverse Event",
      "definition": "An adverse event experience that requires intensive therapeutic intervention and interrupts usual daily activities."
    },
    {
      "code": "4",
      "display": "Life Threatening or Disabling Adverse Event",
      "definition": "Any adverse event that places the patient, in the view of the initial reporter, at immediate risk of death from the adverse event as it occurred, i.e., it does not include an adverse experience that, had it occurred in a more severe form, might have caused death."
    },
    {
      "code": "5",
      "display": "Death Related to Adverse Event",
      "definition": "The termination of life associated with an adverse event."
    }
  ]
}