<?xml version="1.0" encoding="UTF-8"?>

<Encounter xmlns="http://hl7.org/fhir">
  <id value="MedicalTreatmentForVaccinationAdverseReactionAtGP"/>
  <meta>
    <profile value="https://www.napkon.de/fhir/StructureDefinition/medical-treatment-for-vaccination-adverse-reaction"/>
  </meta>
  <text>
    <status value="generated"/><div xmlns="http://www.w3.org/1999/xhtml"><p><b>Generated Narrative</b></p><p><b>status</b>: unknown</p><p><b>class</b>: <span title="{http://terminology.hl7.org/CodeSystem/v3-ActCode IMP}">inpatient encounter</span></p><p><b>subject</b>: <a href="Patient-ExamplePatient.html">Generated Summary: Medical record number: napkon-example-patient; maxi musterperson (OFFICIAL); gender: unknown; birthDate: 1990-08-08</a></p><p><b>period</b>: </p><p><b style="color: maroon">Exception generating Narrative: date must not be null</b></p></div>
  </text>
  <status value="unknown"/>
  <class>
    <system value="http://terminology.hl7.org/CodeSystem/v3-ActCode"/>
    <code value="IMP"/>
  </class>
  <subject>
    <reference value="Patient/ExamplePatient"/>
  </subject>
  <period>
    <start>
      <extension url="http://hl7.org/fhir/StructureDefinition/data-absent-reason">
        <valueCode value="unknown"/>
      </extension>
    </start>
  </period>
  <reasonCode>
    <text value="some free-text reason"/>
  </reasonCode>
</Encounter>