<?xml version="1.0" encoding="UTF-8"?>

<ImplementationGuide xmlns="http://hl7.org/fhir">
  <id value="napkon-vaccination"/>
  <text>
    <status value="extensions"/><div xmlns="http://www.w3.org/1999/xhtml"><h2>napkonvaccination</h2><p>The official URL for this implementation guide is: </p><pre>https://www.napkon.de/fhir/ImplementationGuide/napkon-vaccination</pre></div>
  </text>
  <url value="https://www.napkon.de/fhir/ImplementationGuide/napkon-vaccination"/>
  <version value="1.0.0"/>
  <name value="napkonvaccination"/>
  <status value="active"/>
  <date value="2021-11-14T14:19:42+00:00"/>
  <publisher value="Charité - Universitätsmedizin Berlin"/>
  <contact>
    <name value="Charité - Universitätsmedizin Berlin"/>
    <telecom>
      <system value="url"/>
      <value value="https://www.netzwerk-universitaetsmedizin.de"/>
    </telecom>
  </contact>
  <packageId value="napkon-vaccination"/>
  <license value="CC0-1.0"/>
  <fhirVersion value="4.0.1"/>
  <dependsOn id="de_medizininformatikinitiative_kerndatensatz_prozedur">
    <uri value="https://simplifier.net/guide/medizininformatikinitiative-modulprozeduren-implementationguide"/>
    <packageId value="de.medizininformatikinitiative.kerndatensatz.prozedur"/>
    <version value="2.0.0-alpha3"/>
  </dependsOn>
  <dependsOn id="de_medizininformatikinitiative_kerndatensatz_person">
    <uri value="https://simplifier.net/guide/medizininformatikinitiative-modulperson-implementationguide"/>
    <packageId value="de.medizininformatikinitiative.kerndatensatz.person"/>
    <version value="2.0.0-alpha3"/>
  </dependsOn>
  <dependsOn id="de_medizininformatikinitiative_kerndatensatz_medikation">
    <uri value="https://simplifier.net/guide/medizininformatikinitiative-modulmedikation-implementationguide"/>
    <packageId value="de.medizininformatikinitiative.kerndatensatz.medikation"/>
    <version value="1.0.10"/>
  </dependsOn>
  <dependsOn id="de_medizininformatikinitiative_kerndatensatz_diagnose">
    <uri value="https://simplifier.net/guide/medizininformatikinitiative-moduldiagnosen-implementationguide"/>
    <packageId value="de.medizininformatikinitiative.kerndatensatz.diagnose"/>
    <version value="2.0.0-alpha3"/>
  </dependsOn>
  <dependsOn id="de_medizininformatikinitiative_kerndatensatz_laborbefund">
    <uri value="https://simplifier.net/guide/laborbefundindermedizininformatik-initiative"/>
    <packageId value="de.medizininformatikinitiative.kerndatensatz.laborbefund"/>
    <version value="1.0.6"/>
  </dependsOn>
  <dependsOn id="de_gecco">
    <uri value="https://simplifier.net/guide/germancoronaconsensusdataset-implementationguide"/>
    <packageId value="de.gecco"/>
    <version value="1.0.5"/>
  </dependsOn>
  <dependsOn id="de_medizininformatikinitiative_kerndatensatz_meta">
    <uri value="https://simplifier.net/guide/medizininformatikinitiative-implementationguide-manteldokument"/>
    <packageId value="de.medizininformatikinitiative.kerndatensatz.meta"/>
    <version value="1.0.3"/>
  </dependsOn>
  <dependsOn id="de_medizininformatikinitiative_kerndatensatz_fall">
    <uri value="https://simplifier.net/guide/medizininformatikinitiative-modulfall-implementationguide"/>
    <packageId value="de.medizininformatikinitiative.kerndatensatz.fall"/>
    <version value="1.0.1"/>
  </dependsOn>
  <definition>
    <extension url="http://hl7.org/fhir/tools/StructureDefinition/ig-parameter">
      <extension url="code">
        <valueString value="copyrightyear"/>
      </extension>
      <extension url="value">
        <valueString value="2021+"/>
      </extension>
    </extension>
    <extension url="http://hl7.org/fhir/tools/StructureDefinition/ig-parameter">
      <extension url="code">
        <valueString value="releaselabel"/>
      </extension>
      <extension url="value">
        <valueString value="ci-build"/>
      </extension>
    </extension>
    <extension url="http://hl7.org/fhir/tools/StructureDefinition/ig-parameter">
      <extension url="code">
        <valueString value="path-liquid"/>
      </extension>
      <extension url="value">
        <valueString value="template/liquid"/>
      </extension>
    </extension>
    <extension url="http://hl7.org/fhir/tools/StructureDefinition/ig-parameter">
      <extension url="code">
        <valueString value="path-liquid"/>
      </extension>
      <extension url="value">
        <valueString value="input/liquid"/>
      </extension>
    </extension>
    <extension url="http://hl7.org/fhir/tools/StructureDefinition/ig-parameter">
      <extension url="code">
        <valueString value="path-qa"/>
      </extension>
      <extension url="value">
        <valueString value="temp/qa"/>
      </extension>
    </extension>
    <extension url="http://hl7.org/fhir/tools/StructureDefinition/ig-parameter">
      <extension url="code">
        <valueString value="path-temp"/>
      </extension>
      <extension url="value">
        <valueString value="temp/pages"/>
      </extension>
    </extension>
    <extension url="http://hl7.org/fhir/tools/StructureDefinition/ig-parameter">
      <extension url="code">
        <valueString value="path-output"/>
      </extension>
      <extension url="value">
        <valueString value="output"/>
      </extension>
    </extension>
    <extension url="http://hl7.org/fhir/tools/StructureDefinition/ig-parameter">
      <extension url="code">
        <valueString value="path-suppressed-warnings"/>
      </extension>
      <extension url="value">
        <valueString value="input/ignoreWarnings.txt"/>
      </extension>
    </extension>
    <extension url="http://hl7.org/fhir/tools/StructureDefinition/ig-parameter">
      <extension url="code">
        <valueString value="path-history"/>
      </extension>
      <extension url="value">
        <valueString value="https://www.napkon.de/fhir/history.html"/>
      </extension>
    </extension>
    <extension url="http://hl7.org/fhir/tools/StructureDefinition/ig-parameter">
      <extension url="code">
        <valueString value="template-html"/>
      </extension>
      <extension url="value">
        <valueString value="template-page.html"/>
      </extension>
    </extension>
    <extension url="http://hl7.org/fhir/tools/StructureDefinition/ig-parameter">
      <extension url="code">
        <valueString value="template-md"/>
      </extension>
      <extension url="value">
        <valueString value="template-page-md.html"/>
      </extension>
    </extension>
    <extension url="http://hl7.org/fhir/tools/StructureDefinition/ig-parameter">
      <extension url="code">
        <valueString value="apply-contact"/>
      </extension>
      <extension url="value">
        <valueString value="true"/>
      </extension>
    </extension>
    <extension url="http://hl7.org/fhir/tools/StructureDefinition/ig-parameter">
      <extension url="code">
        <valueString value="apply-context"/>
      </extension>
      <extension url="value">
        <valueString value="true"/>
      </extension>
    </extension>
    <extension url="http://hl7.org/fhir/tools/StructureDefinition/ig-parameter">
      <extension url="code">
        <valueString value="apply-copyright"/>
      </extension>
      <extension url="value">
        <valueString value="true"/>
      </extension>
    </extension>
    <extension url="http://hl7.org/fhir/tools/StructureDefinition/ig-parameter">
      <extension url="code">
        <valueString value="apply-jurisdiction"/>
      </extension>
      <extension url="value">
        <valueString value="true"/>
      </extension>
    </extension>
    <extension url="http://hl7.org/fhir/tools/StructureDefinition/ig-parameter">
      <extension url="code">
        <valueString value="apply-license"/>
      </extension>
      <extension url="value">
        <valueString value="true"/>
      </extension>
    </extension>
    <extension url="http://hl7.org/fhir/tools/StructureDefinition/ig-parameter">
      <extension url="code">
        <valueString value="apply-publisher"/>
      </extension>
      <extension url="value">
        <valueString value="true"/>
      </extension>
    </extension>
    <extension url="http://hl7.org/fhir/tools/StructureDefinition/ig-parameter">
      <extension url="code">
        <valueString value="apply-version"/>
      </extension>
      <extension url="value">
        <valueString value="true"/>
      </extension>
    </extension>
    <extension url="http://hl7.org/fhir/tools/StructureDefinition/ig-parameter">
      <extension url="code">
        <valueString value="active-tables"/>
      </extension>
      <extension url="value">
        <valueString value="true"/>
      </extension>
    </extension>
    <resource>
      <extension url="http://hl7.org/fhir/tools/StructureDefinition/resource-information">
        <valueString value="StructureDefinition:resource"/>
      </extension>
      <reference>
        <reference value="StructureDefinition/additional-vaccination-willingness"/>
      </reference>
      <name value="Additional Vaccination Willingness"/>
      <description value="Response to AdditionalVaccinationWillingnessQuestionnaire"/>
      <exampleBoolean value="false"/>
    </resource>
    <resource>
      <extension url="http://hl7.org/fhir/tools/StructureDefinition/resource-information">
        <valueString value="StructureDefinition:resource"/>
      </extension>
      <reference>
        <reference value="StructureDefinition/allergic-reaction-to-vaccination"/>
      </reference>
      <name value="Allergic Reaction To Vaccination"/>
      <description value="Whether a vaccination caused an allergic reaction"/>
      <exampleBoolean value="false"/>
    </resource>
    <resource>
      <extension url="http://hl7.org/fhir/tools/StructureDefinition/resource-information">
        <valueString value="StructureDefinition:resource"/>
      </extension>
      <reference>
        <reference value="StructureDefinition/analgesic-antipyretic-intake-after-vaccination"/>
      </reference>
      <name value="Analgesic Antipyretic Intake After Vaccination"/>
      <description value="Whether a patient took analgesic or antipyretic drugs after a vaccination event"/>
      <exampleBoolean value="false"/>
    </resource>
    <resource>
      <extension url="http://hl7.org/fhir/tools/StructureDefinition/resource-information">
        <valueString value="StructureDefinition:resource"/>
      </extension>
      <reference>
        <reference value="StructureDefinition/body-temperature-after-vaccination"/>
      </reference>
      <name value="Body Temperature After Vaccination"/>
      <description value="Maximal body temperature after a vaccination event (indicating fever)"/>
      <exampleBoolean value="false"/>
    </resource>
    <resource>
      <extension url="http://hl7.org/fhir/tools/StructureDefinition/resource-information">
        <valueString value="StructureDefinition:resource"/>
      </extension>
      <reference>
        <reference value="StructureDefinition/chemotherapy"/>
      </reference>
      <name value="Chemotherapy"/>
      <description value="Whether a patient is or has been receiving a chemotherapy within the last 3 months"/>
      <exampleBoolean value="false"/>
    </resource>
    <resource>
      <extension url="http://hl7.org/fhir/tools/StructureDefinition/resource-information">
        <valueString value="StructureDefinition:resource"/>
      </extension>
      <reference>
        <reference value="StructureDefinition/covid19-encounter"/>
      </reference>
      <name value="COVID19 Encounter"/>
      <description value="Whether a patient underwent medical treatment for COVID19"/>
      <exampleBoolean value="false"/>
    </resource>
    <resource>
      <extension url="http://hl7.org/fhir/tools/StructureDefinition/resource-information">
        <valueString value="StructureDefinition:resource"/>
      </extension>
      <reference>
        <reference value="StructureDefinition/covid19-immunization"/>
      </reference>
      <name value="COVID19 Immunization"/>
      <description value="COVID-19 immunization event"/>
      <exampleBoolean value="false"/>
    </resource>
    <resource>
      <extension url="http://hl7.org/fhir/tools/StructureDefinition/resource-information">
        <valueString value="StructureDefinition:resource"/>
      </extension>
      <reference>
        <reference value="StructureDefinition/covid19-oxygen-therapy"/>
      </reference>
      <name value="Covid19 Oxygen Therapy"/>
      <description value="Indicating whether a COVID-19 patient received an oxygen therapy"/>
      <exampleBoolean value="false"/>
    </resource>
    <resource>
      <extension url="http://hl7.org/fhir/tools/StructureDefinition/resource-information">
        <valueString value="StructureDefinition:resource"/>
      </extension>
      <reference>
        <reference value="StructureDefinition/general-complaints-after-vaccination"/>
      </reference>
      <name value="General Complaints After Vaccination"/>
      <description value="General complaints after a vaccination event"/>
      <exampleBoolean value="false"/>
    </resource>
    <resource>
      <extension url="http://hl7.org/fhir/tools/StructureDefinition/resource-information">
        <valueString value="StructureDefinition:resource"/>
      </extension>
      <reference>
        <reference value="StructureDefinition/immunomodulatory-therapy"/>
      </reference>
      <name value="Immunomodulatory Therapy"/>
      <description value="Whether a patient is receiving an immunosuppressive or -modulatory therapy"/>
      <exampleBoolean value="false"/>
    </resource>
    <resource>
      <extension url="http://hl7.org/fhir/tools/StructureDefinition/resource-information">
        <valueString value="StructureDefinition:resource"/>
      </extension>
      <reference>
        <reference value="StructureDefinition/medical-treatment-for-vaccination-adverse-reaction"/>
      </reference>
      <name value="Medical Treatment For Vaccination Adverse Reaction"/>
      <description value="Whether a patient underwent medical treatment for a potential or actual adverse reaction to a vaccination event"/>
      <exampleBoolean value="false"/>
    </resource>
    <resource>
      <extension url="http://hl7.org/fhir/tools/StructureDefinition/resource-information">
        <valueString value="StructureDefinition:resource"/>
      </extension>
      <reference>
        <reference value="StructureDefinition/regular-alcohol-intake"/>
      </reference>
      <name value="Regular Alcohol Intake"/>
      <description value="Whether a patient regularly drinks alcohol"/>
      <exampleBoolean value="false"/>
    </resource>
    <resource>
      <extension url="http://hl7.org/fhir/tools/StructureDefinition/resource-information">
        <valueString value="StructureDefinition:resource"/>
      </extension>
      <reference>
        <reference value="StructureDefinition/regular-alcohol-intake-quantity"/>
      </reference>
      <name value="Regular Alcohol Intake Quantity"/>
      <description value="How many alcoholic drinks a patient usually drinks per day"/>
      <exampleBoolean value="false"/>
    </resource>
    <resource>
      <extension url="http://hl7.org/fhir/tools/StructureDefinition/resource-information">
        <valueString value="StructureDefinition:resource"/>
      </extension>
      <reference>
        <reference value="StructureDefinition/sars-cov2-infection"/>
      </reference>
      <name value="SARS CoV2 Infection"/>
      <description value="Profile to capture the diagnosis of disease caused by 2019 novel coronavirus."/>
      <exampleBoolean value="false"/>
    </resource>
    <resource>
      <extension url="http://hl7.org/fhir/tools/StructureDefinition/resource-information">
        <valueString value="StructureDefinition:resource"/>
      </extension>
      <reference>
        <reference value="StructureDefinition/sars-cov2-variant"/>
      </reference>
      <name value="SARS CoV2 Variant"/>
      <description value="Variant/strain of detected SARS CoV2 (Pango Cov-lineage)"/>
      <exampleBoolean value="false"/>
    </resource>
    <resource>
      <extension url="http://hl7.org/fhir/tools/StructureDefinition/resource-information">
        <valueString value="StructureDefinition:resource"/>
      </extension>
      <reference>
        <reference value="StructureDefinition/vaccination-injection-site-erythema"/>
      </reference>
      <name value="Vaccination Injection Site Erythema"/>
      <description value="Size of an erythema at a vaccine injection site"/>
      <exampleBoolean value="false"/>
    </resource>
    <resource>
      <extension url="http://hl7.org/fhir/tools/StructureDefinition/resource-information">
        <valueString value="StructureDefinition:resource"/>
      </extension>
      <reference>
        <reference value="StructureDefinition/vaccination-injection-site-pain"/>
      </reference>
      <name value="Vaccination Injection Site Pain"/>
      <description value="Pain intensity at vaccine injection site at rest or movement"/>
      <exampleBoolean value="false"/>
    </resource>
    <resource>
      <extension url="http://hl7.org/fhir/tools/StructureDefinition/resource-information">
        <valueString value="StructureDefinition:resource"/>
      </extension>
      <reference>
        <reference value="StructureDefinition/vaccination-injection-site-swelling"/>
      </reference>
      <name value="Vaccination Injection Site Swelling"/>
      <description value="Size of an swelling at a vaccine injection site"/>
      <exampleBoolean value="false"/>
    </resource>
    <resource>
      <extension url="http://hl7.org/fhir/tools/StructureDefinition/resource-information">
        <valueString value="ValueSet"/>
      </extension>
      <reference>
        <reference value="ValueSet/analgesics-antipyretics"/>
      </reference>
      <name value="Analgesics Antipyretics"/>
      <description value="Analgetic and antipyretic drugs"/>
      <exampleBoolean value="false"/>
    </resource>
    <resource>
      <extension url="http://hl7.org/fhir/tools/StructureDefinition/resource-information">
        <valueString value="ValueSet"/>
      </extension>
      <reference>
        <reference value="ValueSet/ctcae-grade-value-set"/>
      </reference>
      <name value="CTCAE Grade Value Set"/>
      <description value="CTCAE Grades 0 through 5. The grade of the adverse event, determined by CTCAE criteria, where 0 represents confirmation that the given adverse event did NOT occur, and 5 represents death. Note that grade 0 events are generally not reportable, but may be created to give positive confirmation that the clinician assessed or considered a particular AE."/>
      <exampleBoolean value="false"/>
    </resource>
    <resource>
      <extension url="http://hl7.org/fhir/tools/StructureDefinition/resource-information">
        <valueString value="ValueSet"/>
      </extension>
      <reference>
        <reference value="ValueSet/complaint-intensity"/>
      </reference>
      <name value="Complaint Intensity"/>
      <description value="Intensity of general complaints"/>
      <exampleBoolean value="false"/>
    </resource>
    <resource>
      <extension url="http://hl7.org/fhir/tools/StructureDefinition/resource-information">
        <valueString value="ValueSet"/>
      </extension>
      <reference>
        <reference value="ValueSet/covid19-vaccine-codes"/>
      </reference>
      <name value="COVID-19 Vaccine Codes"/>
      <description value="COVID-19 Vaccine Codes (vaccines approved in the European Union)"/>
      <exampleBoolean value="false"/>
    </resource>
    <resource>
      <extension url="http://hl7.org/fhir/tools/StructureDefinition/resource-information">
        <valueString value="ValueSet"/>
      </extension>
      <reference>
        <reference value="ValueSet/covid-vaccination-contraindications"/>
      </reference>
      <name value="covid-vaccination-contraindications"/>
      <description value="Contraindications precluding COVID-19 vaccination"/>
      <exampleBoolean value="false"/>
    </resource>
    <resource>
      <extension url="http://hl7.org/fhir/tools/StructureDefinition/resource-information">
        <valueString value="ValueSet"/>
      </extension>
      <reference>
        <reference value="ValueSet/covid-vaccination-reasons"/>
      </reference>
      <name value="Covid Vaccination Reasons"/>
      <description value="Individual reason for getting vaccinated against COVID-19"/>
      <exampleBoolean value="false"/>
    </resource>
    <resource>
      <extension url="http://hl7.org/fhir/tools/StructureDefinition/resource-information">
        <valueString value="ValueSet"/>
      </extension>
      <reference>
        <reference value="ValueSet/detected-not-detected-unknown-undetermined"/>
      </reference>
      <name value="Detected Not Detected Unknown Undetermined"/>
      <description value="Values for laboratory observations"/>
      <exampleBoolean value="false"/>
    </resource>
    <resource>
      <extension url="http://hl7.org/fhir/tools/StructureDefinition/resource-information">
        <valueString value="ValueSet"/>
      </extension>
      <reference>
        <reference value="ValueSet/encounter-ambulatory-emergency-inpatient"/>
      </reference>
      <name value="Encounter Ambulatory Emergency Inpatient"/>
      <description value="ValueSet to determine the encounter type of a patient"/>
      <exampleBoolean value="false"/>
    </resource>
    <resource>
      <extension url="http://hl7.org/fhir/tools/StructureDefinition/resource-information">
        <valueString value="ValueSet"/>
      </extension>
      <reference>
        <reference value="ValueSet/encounter-homehealth-ambulatory-inpatient"/>
      </reference>
      <name value="Encounter HomeHealth Ambulatory Inpatient"/>
      <description value="ValueSet to determine the encounter type of a patient"/>
      <exampleBoolean value="false"/>
    </resource>
    <resource>
      <extension url="http://hl7.org/fhir/tools/StructureDefinition/resource-information">
        <valueString value="ValueSet"/>
      </extension>
      <reference>
        <reference value="ValueSet/general-complaints-after-vaccination"/>
      </reference>
      <name value="General Complaints After Vaccination"/>
      <description value="General complaints after vaccination"/>
      <exampleBoolean value="false"/>
    </resource>
    <resource>
      <extension url="http://hl7.org/fhir/tools/StructureDefinition/resource-information">
        <valueString value="ValueSet"/>
      </extension>
      <reference>
        <reference value="ValueSet/immunosuppressive-immunomodulatory-therapy"/>
      </reference>
      <name value="Immunosuppressive Immunomodulatory Therapy"/>
      <description value="Immunosuppressive and immunomodulatory procedures / therapies codes"/>
      <exampleBoolean value="false"/>
    </resource>
    <resource>
      <extension url="http://hl7.org/fhir/tools/StructureDefinition/resource-information">
        <valueString value="ValueSet"/>
      </extension>
      <reference>
        <reference value="ValueSet/pain-provoking-factor"/>
      </reference>
      <name value="Pain Provoking Factor"/>
      <description value="Pain provoking factors"/>
      <exampleBoolean value="false"/>
    </resource>
    <resource>
      <extension url="http://hl7.org/fhir/tools/StructureDefinition/resource-information">
        <valueString value="ValueSet"/>
      </extension>
      <reference>
        <reference value="ValueSet/present-not-present-undetermined-other"/>
      </reference>
      <name value="Present Not Present Undetermined Other"/>
      <description value="Values for laboratory observations"/>
      <exampleBoolean value="false"/>
    </resource>
    <resource>
      <extension url="http://hl7.org/fhir/tools/StructureDefinition/resource-information">
        <valueString value="ValueSet"/>
      </extension>
      <reference>
        <reference value="ValueSet/restricted-event-status"/>
      </reference>
      <name value="RestrictedEventStatus"/>
      <description value="EventStatus value set restricted to codes not-done, active, completed and unknown"/>
      <exampleBoolean value="false"/>
    </resource>
    <resource>
      <extension url="http://hl7.org/fhir/tools/StructureDefinition/resource-information">
        <valueString value="ValueSet"/>
      </extension>
      <reference>
        <reference value="ValueSet/severity-grading"/>
      </reference>
      <name value="Severity Grading"/>
      <description value="Scale to grade the severity of an outcome/condition/observation"/>
      <exampleBoolean value="false"/>
    </resource>
    <resource>
      <extension url="http://hl7.org/fhir/tools/StructureDefinition/resource-information">
        <valueString value="ValueSet"/>
      </extension>
      <reference>
        <reference value="ValueSet/yes-no-unknown"/>
      </reference>
      <name value="Yes No Unknown"/>
      <description value="Yes / No / Unknown"/>
      <exampleBoolean value="false"/>
    </resource>
    <resource>
      <extension url="http://hl7.org/fhir/tools/StructureDefinition/resource-information">
        <valueString value="CodeSystem"/>
      </extension>
      <reference>
        <reference value="CodeSystem/ctcae-grade-code-system"/>
      </reference>
      <name value="CTCAE Grade Code System"/>
      <description value="Common terminology criteria (CTC) grades associated with the severity of an adverse event, expressed as integers, 0 through 5, with 0 representing no adverse event, and 5 representing death."/>
      <exampleBoolean value="false"/>
    </resource>
    <resource>
      <extension url="http://hl7.org/fhir/tools/StructureDefinition/resource-information">
        <valueString value="CodeSystem"/>
      </extension>
      <reference>
        <reference value="CodeSystem/napkon-vaccination-module"/>
      </reference>
      <name value="NapkonVaccinationModule"/>
      <description value="NAPKON Vaccination Module Code System - Collection of vaccination module-specific codes that are missing from common terminologies such as SNOMED CT"/>
      <exampleBoolean value="false"/>
    </resource>
    <resource>
      <extension url="http://hl7.org/fhir/tools/StructureDefinition/resource-information">
        <valueString value="QuestionnaireResponse"/>
      </extension>
      <reference>
        <reference value="QuestionnaireResponse/AdditionalVaccinationWillingness"/>
      </reference>
      <name value="Additional Vaccination Willingness"/>
      <description value="Example of a subject who is willing to receive an additional COVID-19 vaccination if it is officially recommended"/>
      <exampleCanonical value="https://www.napkon.de/fhir/StructureDefinition/additional-vaccination-willingness"/>
    </resource>
    <resource>
      <extension url="http://hl7.org/fhir/tools/StructureDefinition/resource-information">
        <valueString value="Questionnaire"/>
      </extension>
      <reference>
        <reference value="Questionnaire/AdditionalVaccinationWillingnessQuestionaire"/>
      </reference>
      <name value="Additional Vaccination Willingness"/>
      <description value="Willingness of the patient to receive additional COVID-19 vaccination if officially recommended"/>
      <exampleBoolean value="false"/>
    </resource>
    <resource>
      <extension url="http://hl7.org/fhir/tools/StructureDefinition/resource-information">
        <valueString value="Observation"/>
      </extension>
      <reference>
        <reference value="Observation/AllergicReactionToVaccinationInstance"/>
      </reference>
      <name value="Allergic Reaction To Vaccination Instance"/>
      <description value="Example of an undetermined state of an allergic reaction cause by a vaccine"/>
      <exampleCanonical value="https://www.napkon.de/fhir/StructureDefinition/allergic-reaction-to-vaccination"/>
    </resource>
    <resource>
      <extension url="http://hl7.org/fhir/tools/StructureDefinition/resource-information">
        <valueString value="Observation"/>
      </extension>
      <reference>
        <reference value="Observation/AllergicReactionToVaccinationInstanceOther"/>
      </reference>
      <name value="Allergic Reaction To Vaccination Instance"/>
      <description value="Example of a free-text answer to an allergic reaction caused by vaccination"/>
      <exampleCanonical value="https://www.napkon.de/fhir/StructureDefinition/allergic-reaction-to-vaccination"/>
    </resource>
    <resource>
      <extension url="http://hl7.org/fhir/tools/StructureDefinition/resource-information">
        <valueString value="MedicationStatement"/>
      </extension>
      <reference>
        <reference value="MedicationStatement/AnalgesicAntipyreticIntakeAfterVaccination"/>
      </reference>
      <name value="Analgesic Antipyretic Intake After Vaccination"/>
      <description value="Example of an antipyretic drug taken after a vaccination event"/>
      <exampleCanonical value="https://www.napkon.de/fhir/StructureDefinition/analgesic-antipyretic-intake-after-vaccination"/>
    </resource>
    <resource>
      <extension url="http://hl7.org/fhir/tools/StructureDefinition/resource-information">
        <valueString value="Observation"/>
      </extension>
      <reference>
        <reference value="Observation/BodyTemperatureAfterVaccinationNotMeasured"/>
      </reference>
      <name value="Body Temperature After Vaccination"/>
      <description value="Example of a not measured body temperature after vaccination"/>
      <exampleCanonical value="https://www.napkon.de/fhir/StructureDefinition/body-temperature-after-vaccination"/>
    </resource>
    <resource>
      <extension url="http://hl7.org/fhir/tools/StructureDefinition/resource-information">
        <valueString value="Observation"/>
      </extension>
      <reference>
        <reference value="Observation/BodyTemperatureAfterVaccinationQuantity"/>
      </reference>
      <name value="Body Temperature After Vaccination"/>
      <description value="Example of an elevated body temperature after vaccination"/>
      <exampleCanonical value="https://www.napkon.de/fhir/StructureDefinition/body-temperature-after-vaccination"/>
    </resource>
    <resource>
      <extension url="http://hl7.org/fhir/tools/StructureDefinition/resource-information">
        <valueString value="Observation"/>
      </extension>
      <reference>
        <reference value="Observation/BodyTemperatureAfterVaccinationRange"/>
      </reference>
      <name value="Body Temperature After Vaccination"/>
      <description value="Example of an elevated body temperature after vaccination"/>
      <exampleCanonical value="https://www.napkon.de/fhir/StructureDefinition/body-temperature-after-vaccination"/>
    </resource>
    <resource>
      <extension url="http://hl7.org/fhir/tools/StructureDefinition/resource-information">
        <valueString value="Procedure"/>
      </extension>
      <reference>
        <reference value="Procedure/Chemotherapy"/>
      </reference>
      <name value="Chemotherapy"/>
      <description value="Example of a patient not receiving chemotherapy during the last 3 months"/>
      <exampleCanonical value="https://www.napkon.de/fhir/StructureDefinition/chemotherapy"/>
    </resource>
    <resource>
      <extension url="http://hl7.org/fhir/tools/StructureDefinition/resource-information">
        <valueString value="Encounter"/>
      </extension>
      <reference>
        <reference value="Encounter/Covid19EncounterInpatient"/>
      </reference>
      <name value="Medical Treatment For Vaccination Adverse Reaction"/>
      <description value="Example of a patient hospitalized for a potential or actual adverse reaction to a vaccination event"/>
      <exampleCanonical value="https://www.napkon.de/fhir/StructureDefinition/covid19-encounter"/>
    </resource>
    <resource>
      <extension url="http://hl7.org/fhir/tools/StructureDefinition/resource-information">
        <valueString value="Procedure"/>
      </extension>
      <reference>
        <reference value="Procedure/Covid19OxygenTherapy"/>
      </reference>
      <name value="Covid19 Oxygen Therapy"/>
      <description value="Example of a COVID-19 patient who received an oxygen therapy"/>
      <exampleCanonical value="https://www.napkon.de/fhir/StructureDefinition/covid19-oxygen-therapy"/>
    </resource>
    <resource>
      <extension url="http://hl7.org/fhir/tools/StructureDefinition/resource-information">
        <valueString value="Immunization"/>
      </extension>
      <reference>
        <reference value="Immunization/CovidVaccinationDone"/>
      </reference>
      <name value="Covid Vaccination Done"/>
      <description value="Example of a patient having received a vaccination"/>
      <exampleCanonical value="https://www.napkon.de/fhir/StructureDefinition/covid19-immunization"/>
    </resource>
    <resource>
      <extension url="http://hl7.org/fhir/tools/StructureDefinition/resource-information">
        <valueString value="Immunization"/>
      </extension>
      <reference>
        <reference value="Immunization/CovidVaccinationNotDone"/>
      </reference>
      <name value="Covid Vaccination Not Done"/>
      <description value="Example of a patient not receiving a vaccination due to pregnancy"/>
      <exampleCanonical value="https://www.napkon.de/fhir/StructureDefinition/covid19-immunization"/>
    </resource>
    <resource>
      <extension url="http://hl7.org/fhir/tools/StructureDefinition/resource-information">
        <valueString value="Immunization"/>
      </extension>
      <reference>
        <reference value="Immunization/CovidVaccinationNotDoneReasonOther"/>
      </reference>
      <name value="Covid Vaccination Not Done Reason Other"/>
      <description value="Example of a patient not receiving a vaccination due to a specified (free-text) &#39;other reason&#39;"/>
      <exampleCanonical value="https://www.napkon.de/fhir/StructureDefinition/covid19-immunization"/>
    </resource>
    <resource>
      <extension url="http://hl7.org/fhir/tools/StructureDefinition/resource-information">
        <valueString value="Patient"/>
      </extension>
      <reference>
        <reference value="Patient/ExamplePatient"/>
      </reference>
      <name value="ExamplePatient"/>
      <description value="Example patient to be used as reference in other instances"/>
      <exampleBoolean value="true"/>
    </resource>
    <resource>
      <extension url="http://hl7.org/fhir/tools/StructureDefinition/resource-information">
        <valueString value="Condition"/>
      </extension>
      <reference>
        <reference value="Condition/GeneralComplaintsAfterVaccination"/>
      </reference>
      <name value="General Complaints After Vaccination"/>
      <description value="Example of a chill after a vaccination event"/>
      <exampleCanonical value="https://www.napkon.de/fhir/StructureDefinition/general-complaints-after-vaccination"/>
    </resource>
    <resource>
      <extension url="http://hl7.org/fhir/tools/StructureDefinition/resource-information">
        <valueString value="Procedure"/>
      </extension>
      <reference>
        <reference value="Procedure/ImmunomodulatoryTherapy"/>
      </reference>
      <name value="Immunomodulatory Therapy"/>
      <description value="Example of a patient receiving an immunosuppresive therapy"/>
      <exampleCanonical value="https://www.napkon.de/fhir/StructureDefinition/immunomodulatory-therapy"/>
    </resource>
    <resource>
      <extension url="http://hl7.org/fhir/tools/StructureDefinition/resource-information">
        <valueString value="Procedure"/>
      </extension>
      <reference>
        <reference value="Procedure/ImmunomodulatoryTherapyNotDone"/>
      </reference>
      <name value="Immunomodulatory Therapy"/>
      <description value="Example of a patient not receiving an immunosuppresive therapy"/>
      <exampleCanonical value="https://www.napkon.de/fhir/StructureDefinition/immunomodulatory-therapy"/>
    </resource>
    <resource>
      <extension url="http://hl7.org/fhir/tools/StructureDefinition/resource-information">
        <valueString value="Encounter"/>
      </extension>
      <reference>
        <reference value="Encounter/MedicalTreatmentForVaccinationAdverseReactionAtGP"/>
      </reference>
      <name value="Medical Treatment For Vaccination Adverse Reaction"/>
      <description value="Example of a patient treated in the mergency room or by a general practitioner for a potential or actual adverse reaction to a vaccination event"/>
      <exampleCanonical value="https://www.napkon.de/fhir/StructureDefinition/medical-treatment-for-vaccination-adverse-reaction"/>
    </resource>
    <resource>
      <extension url="http://hl7.org/fhir/tools/StructureDefinition/resource-information">
        <valueString value="Encounter"/>
      </extension>
      <reference>
        <reference value="Encounter/MedicalTreatmentForVaccinationAdverseReactionInHospital"/>
      </reference>
      <name value="Medical Treatment For Vaccination Adverse Reaction"/>
      <description value="Example of a patient hospitalized for a potential or actual adverse reaction to a vaccination event"/>
      <exampleCanonical value="https://www.napkon.de/fhir/StructureDefinition/medical-treatment-for-vaccination-adverse-reaction"/>
    </resource>
    <resource>
      <extension url="http://hl7.org/fhir/tools/StructureDefinition/resource-information">
        <valueString value="Observation"/>
      </extension>
      <reference>
        <reference value="Observation/RegularAlcoholIntake1"/>
      </reference>
      <name value="Regular Alcohol Intake"/>
      <description value="Example of a patient who drinks a single drink per week"/>
      <exampleCanonical value="https://www.napkon.de/fhir/StructureDefinition/regular-alcohol-intake"/>
    </resource>
    <resource>
      <extension url="http://hl7.org/fhir/tools/StructureDefinition/resource-information">
        <valueString value="Observation"/>
      </extension>
      <reference>
        <reference value="Observation/RegularAlcoholIntake4"/>
      </reference>
      <name value="Regular Alcohol Intake"/>
      <description value="Example of a patient who drinks at least 4 drinks per week"/>
      <exampleCanonical value="https://www.napkon.de/fhir/StructureDefinition/regular-alcohol-intake"/>
    </resource>
    <resource>
      <extension url="http://hl7.org/fhir/tools/StructureDefinition/resource-information">
        <valueString value="Observation"/>
      </extension>
      <reference>
        <reference value="Observation/RegularAlcoholIntakeNo"/>
      </reference>
      <name value="Regular Alcohol Intake"/>
      <description value="Example of a patient for whom the alcohol intake is unknown"/>
      <exampleCanonical value="https://www.napkon.de/fhir/StructureDefinition/regular-alcohol-intake"/>
    </resource>
    <resource>
      <extension url="http://hl7.org/fhir/tools/StructureDefinition/resource-information">
        <valueString value="Observation"/>
      </extension>
      <reference>
        <reference value="Observation/RegularAlcoholIntakeNoLonger"/>
      </reference>
      <name value="Regular Alcohol Intake"/>
      <description value="Example of a patient who does no longer drink alcohol"/>
      <exampleCanonical value="https://www.napkon.de/fhir/StructureDefinition/regular-alcohol-intake"/>
    </resource>
    <resource>
      <extension url="http://hl7.org/fhir/tools/StructureDefinition/resource-information">
        <valueString value="Observation"/>
      </extension>
      <reference>
        <reference value="Observation/RegularAlcoholIntakeQuantity"/>
      </reference>
      <name value="Regular Alcohol Intake Quantity"/>
      <description value="Example of intake of 5 or more alcoholic beverages per day"/>
      <exampleCanonical value="https://www.napkon.de/fhir/StructureDefinition/regular-alcohol-intake-quantity"/>
    </resource>
    <resource>
      <extension url="http://hl7.org/fhir/tools/StructureDefinition/resource-information">
        <valueString value="Observation"/>
      </extension>
      <reference>
        <reference value="Observation/RegularAlcoholIntakeQuantityNone"/>
      </reference>
      <name value="Regular Alcohol Intake Quantity"/>
      <description value="Example of a patient for whom the quantity is unknown"/>
      <exampleCanonical value="https://www.napkon.de/fhir/StructureDefinition/regular-alcohol-intake-quantity"/>
    </resource>
    <resource>
      <extension url="http://hl7.org/fhir/tools/StructureDefinition/resource-information">
        <valueString value="Condition"/>
      </extension>
      <reference>
        <reference value="Condition/SARSCoV2Infection"/>
      </reference>
      <name value="SARS CoV2 Infection"/>
      <description value="Example of a patient with a SARS CoV2 infection"/>
      <exampleCanonical value="https://www.napkon.de/fhir/StructureDefinition/sars-cov2-infection"/>
    </resource>
    <resource>
      <extension url="http://hl7.org/fhir/tools/StructureDefinition/resource-information">
        <valueString value="Condition"/>
      </extension>
      <reference>
        <reference value="Condition/SARSCoV2InfectionNone"/>
      </reference>
      <name value="SARS CoV2 Infection"/>
      <description value="Example of a patient without SARS CoV2 infection"/>
      <exampleCanonical value="https://www.napkon.de/fhir/StructureDefinition/sars-cov2-infection"/>
    </resource>
    <resource>
      <extension url="http://hl7.org/fhir/tools/StructureDefinition/resource-information">
        <valueString value="Condition"/>
      </extension>
      <reference>
        <reference value="Condition/SARSCoV2InfectionUnknown"/>
      </reference>
      <name value="SARS CoV2 Infection"/>
      <description value="Example of an unknown SARS CoV2 infection"/>
      <exampleCanonical value="https://www.napkon.de/fhir/StructureDefinition/sars-cov2-infection"/>
    </resource>
    <resource>
      <extension url="http://hl7.org/fhir/tools/StructureDefinition/resource-information">
        <valueString value="Observation"/>
      </extension>
      <reference>
        <reference value="Observation/SARSCoV2Variant"/>
      </reference>
      <name value="SARS CoV2 Variant"/>
      <description value="Example of a SARS CoV2 variant (Pango lineage)"/>
      <exampleCanonical value="https://www.napkon.de/fhir/StructureDefinition/sars-cov2-variant"/>
    </resource>
    <resource>
      <extension url="http://hl7.org/fhir/tools/StructureDefinition/resource-information">
        <valueString value="Observation"/>
      </extension>
      <reference>
        <reference value="Observation/VaccinationInjectionSiteErythema"/>
      </reference>
      <name value="Vaccination Injection Site Erythema"/>
      <description value="Example of a 2.5-5 cm erythema at a vaccine injection site"/>
      <exampleCanonical value="https://www.napkon.de/fhir/StructureDefinition/vaccination-injection-site-erythema"/>
    </resource>
    <resource>
      <extension url="http://hl7.org/fhir/tools/StructureDefinition/resource-information">
        <valueString value="Observation"/>
      </extension>
      <reference>
        <reference value="Observation/VaccinationInjectionSitePain"/>
      </reference>
      <name value="Vaccination Injection Site Pain Rest"/>
      <description value="Example of mild pain at vaccine injection site at rest and movement"/>
      <exampleCanonical value="https://www.napkon.de/fhir/StructureDefinition/vaccination-injection-site-pain"/>
    </resource>
    <resource>
      <extension url="http://hl7.org/fhir/tools/StructureDefinition/resource-information">
        <valueString value="Observation"/>
      </extension>
      <reference>
        <reference value="Observation/VaccinationInjectionSiteSwelling"/>
      </reference>
      <name value="Vaccination Injection Site Swelling Instance"/>
      <description value="Example of a 5.1-10 cm swelling at a vaccine injection site"/>
      <exampleCanonical value="https://www.napkon.de/fhir/StructureDefinition/vaccination-injection-site-swelling"/>
    </resource>
    <page>
      <nameUrl value="toc.html"/>
      <title value="Table of Contents"/>
      <generation value="html"/>
      <page>
        <nameUrl value="index.html"/>
        <title value="Home"/>
        <generation value="markdown"/>
      </page>
    </page>
    <parameter>
      <code value="path-resource"/>
      <value value="input/capabilities"/>
    </parameter>
    <parameter>
      <code value="path-resource"/>
      <value value="input/examples"/>
    </parameter>
    <parameter>
      <code value="path-resource"/>
      <value value="input/extensions"/>
    </parameter>
    <parameter>
      <code value="path-resource"/>
      <value value="input/models"/>
    </parameter>
    <parameter>
      <code value="path-resource"/>
      <value value="input/operations"/>
    </parameter>
    <parameter>
      <code value="path-resource"/>
      <value value="input/profiles"/>
    </parameter>
    <parameter>
      <code value="path-resource"/>
      <value value="input/resources"/>
    </parameter>
    <parameter>
      <code value="path-resource"/>
      <value value="input/vocabulary"/>
    </parameter>
    <parameter>
      <code value="path-resource"/>
      <value value="input/maps"/>
    </parameter>
    <parameter>
      <code value="path-resource"/>
      <value value="input/testing"/>
    </parameter>
    <parameter>
      <code value="path-resource"/>
      <value value="input/history"/>
    </parameter>
    <parameter>
      <code value="path-resource"/>
      <value value="fsh-generated/resources"/>
    </parameter>
    <parameter>
      <code value="path-pages"/>
      <value value="template/config"/>
    </parameter>
    <parameter>
      <code value="path-pages"/>
      <value value="input/images"/>
    </parameter>
    <parameter>
      <code value="path-tx-cache"/>
      <value value="input-cache/txcache"/>
    </parameter>
  </definition>
</ImplementationGuide>