<?xml version="1.0" encoding="UTF-8"?>

<Observation xmlns="http://hl7.org/fhir">
  <id value="RegularAlcoholIntakeQuantity"/>
  <meta>
    <profile value="https://www.napkon.de/fhir/StructureDefinition/regular-alcohol-intake-quantity"/>
  </meta>
  <text>
    <status value="generated"/><div xmlns="http://www.w3.org/1999/xhtml"><p><b>Generated Narrative</b></p><p></p><p><b>code</b>: <span title="Codes: {http://loinc.org 74013-4}">Alcoholic drinks per day</span></p><p><b>subject</b>: <a href="Patient-ExamplePatient.html">Generated Summary: Medical record number: napkon-example-patient; maxi musterperson (OFFICIAL); gender: unknown; birthDate: 1990-08-08</a></p><p><b>value</b>: 5-? PerDay</p></div>
  </text>
  <status value="final"/>
  <code>
    <coding>
      <system value="http://loinc.org"/>
      <code value="74013-4"/>
      <display value="Alcoholic drinks per day"/>
    </coding>
  </code>
  <subject>
    <reference value="Patient/ExamplePatient"/>
  </subject>
  <valueRange>
    <low>
      <value value="5"/>
      <unit value="PerDay"/>
      <system value="http://unitsofmeasure.org"/>
      <code value="/d"/>
    </low>
  </valueRange>
</Observation>