<?xml version="1.0" encoding="UTF-8"?>

<Observation xmlns="http://hl7.org/fhir">
  <id value="VaccinationInjectionSiteErythema"/>
  <meta>
    <profile value="https://www.napkon.de/fhir/StructureDefinition/vaccination-injection-site-erythema"/>
  </meta>
  <text>
    <status value="generated"/><div xmlns="http://www.w3.org/1999/xhtml"><p><b>Generated Narrative</b></p><p></p><p><b>code</b>: <span title="Codes: {http://snomed.info/sct 213338000}">Injection site erythema (disorder)</span></p><p><b>subject</b>: <a href="Patient-ExamplePatient.html">Generated Summary: Medical record number: napkon-example-patient; maxi musterperson (OFFICIAL); gender: unknown; birthDate: 1990-08-08</a></p><p><b>value</b>: 2.5-5 CentiMeter</p></div>
  </text>
  <status value="final"/>
  <code>
    <coding>
      <system value="http://snomed.info/sct"/>
      <version value="http://snomed.info/sct/900000000000207008/version/20210731"/>
      <code value="213338000"/>
      <display value="Injection site erythema (disorder)"/>
    </coding>
  </code>
  <subject>
    <reference value="Patient/ExamplePatient"/>
  </subject>
  <valueRange>
    <low>
      <value value="2.5"/>
      <unit value="CentiMeter"/>
      <system value="http://unitsofmeasure.org"/>
      <code value="cm"/>
    </low>
    <high>
      <value value="5"/>
      <unit value="CentiMeter"/>
      <system value="http://unitsofmeasure.org"/>
      <code value="cm"/>
    </high>
  </valueRange>
</Observation>