<?xml version="1.0" encoding="UTF-8"?>

<Observation xmlns="http://hl7.org/fhir">
  <id value="RegularAlcoholIntakeNo"/>
  <meta>
    <profile value="https://www.napkon.de/fhir/StructureDefinition/regular-alcohol-intake"/>
  </meta>
  <text>
    <status value="generated"/><div xmlns="http://www.w3.org/1999/xhtml"><p><b>Generated Narrative</b></p><p></p><p><b>code</b>: <span title="Codes: {http://loinc.org 81032-5}">Days per week alcoholic drinks consumed</span></p><p><b>subject</b>: <a href="Patient-ExamplePatient.html">Generated Summary: Medical record number: napkon-example-patient; maxi musterperson (OFFICIAL); gender: unknown; birthDate: 1990-08-08</a></p><p><b>dataAbsentReason</b>: <span title="Codes: {http://terminology.hl7.org/CodeSystem/data-absent-reason unknown}">Unknown</span></p></div>
  </text>
  <status value="final"/>
  <code>
    <coding>
      <system value="http://loinc.org"/>
      <code value="81032-5"/>
      <display value="Days per week alcoholic drinks consumed"/>
    </coding>
  </code>
  <subject>
    <reference value="Patient/ExamplePatient"/>
  </subject>
  <dataAbsentReason>
    <coding>
      <system value="http://terminology.hl7.org/CodeSystem/data-absent-reason"/>
      <code value="unknown"/>
    </coding>
  </dataAbsentReason>
</Observation>