{
  "resourceType": "Procedure",
  "id": "ImmunomodulatoryTherapyNotDone",
  "meta": {
    "profile": [
      "https://www.napkon.de/fhir/StructureDefinition/immunomodulatory-therapy"
    ]
  },
  "text": {
    "status": "generated",
    "div": "<div xmlns=\"http://www.w3.org/1999/xhtml\"><p><b>Generated Narrative</b></p><p><b>status</b>: not-done</p><p><b>code</b>: <span title=\"Codes: {http://snomed.info/sct 86553008}\">Immunosuppressive therapy (procedure)</span></p><p><b>subject</b>: <a href=\"Patient-ExamplePatient.html\">Generated Summary: Medical record number: napkon-example-patient; maxi musterperson (OFFICIAL); gender: unknown; birthDate: 1990-08-08</a></p><p><b>performed</b>: 2021</p></div>"
  },
  "status": "not-done",
  "code": {
    "coding": [
      {
        "system": "http://snomed.info/sct",
        "version": "http://snomed.info/sct/900000000000207008/version/20210731",
        "code": "86553008",
        "display": "Immunosuppressive therapy (procedure)"
      }
    ]
  },
  "subject": {
    "reference": "Patient/ExamplePatient"
  },
  "performedDateTime": "2021"
}