{
  "resourceType": "QuestionnaireResponse",
  "id": "AdditionalVaccinationWillingness",
  "meta": {
    "profile": [
      "https://www.napkon.de/fhir/StructureDefinition/additional-vaccination-willingness"
    ]
  },
  "text": {
    "status": "generated",
    "div": "<div xmlns=\"http://www.w3.org/1999/xhtml\"><p><b>Generated Narrative</b></p><p><b>questionnaire</b>: <a href=\"https://www.napkon.de/fhir/additional-vaccination-willingness-questionnaire\">https://www.napkon.de/fhir/additional-vaccination-willingness-questionnaire</a></p><p><b>status</b>: completed</p><p><b>subject</b>: <a href=\"Patient-ExamplePatient.html\">Generated Summary: Medical record number: napkon-example-patient; maxi musterperson (OFFICIAL); gender: unknown; birthDate: 1990-08-08</a></p><blockquote><p><b>item</b></p><p><b>linkId</b>: additional-vaccination-willingness</p><h3>Answers</h3><table class=\"grid\"><tr><td>-</td><td><b>Value[x]</b></td></tr><tr><td>*</td><td><span title=\"{http://snomed.info/sct 373066001}\">Yes (qualifier value)</span></td></tr></table></blockquote></div>"
  },
  "questionnaire": "https://www.napkon.de/fhir/additional-vaccination-willingness-questionnaire",
  "status": "completed",
  "subject": {
    "reference": "Patient/ExamplePatient"
  },
  "item": [
    {
      "linkId": "additional-vaccination-willingness",
      "answer": [
        {
          "valueCoding": {
            "system": "http://snomed.info/sct",
            "version": "http://snomed.info/sct/900000000000207008/version/20210731",
            "code": "373066001",
            "display": "Yes (qualifier value)"
          }
        }
      ]
    }
  ]
}