<?xml version="1.0" encoding="UTF-8"?>

<ValueSet xmlns="http://hl7.org/fhir">
  <id value="covid-vaccination-reasons"/>
  <text>
    <status value="generated"/><div xmlns="http://www.w3.org/1999/xhtml"><p>This value set includes codes based on the following rules:</p><ul><li>Include these codes as defined in <code>https://www.netzwerk-universitaetsmedizin.de/fhir/CodeSystem/napkon-vaccination-module</code><table class="none"><tr><td style="white-space:nowrap"><b>Code</b></td><td><b>Display</b></td></tr><tr><td>2001</td><td>To protect myself from infection with SARS-CoV-2 or from COVID-19</td></tr><tr><td>2002</td><td>To protect my private environment from infection with SARS-CoV-2 or COVID-19</td></tr><tr><td>2003</td><td>To protect my work environment from infection with SARS-CoV-2 or COVID-19</td></tr><tr><td>2004</td><td>Because everyone gets vaccinated</td></tr><tr><td>2005</td><td>Because I am afraid of being discriminated against due to my vaccination status (e.g. travel ban, work ban).</td></tr></table></li><li>Include these codes as defined in <a href="http://www.snomed.org/"><code>http://snomed.info/sct</code></a> version <code>http://snomed.info/sct/900000000000207008/version/20210731</code><table class="none"><tr><td style="white-space:nowrap"><b>Code</b></td><td><b>Display</b></td></tr><tr><td><a href="http://browser.ihtsdotools.org/?perspective=full&amp;conceptId1=74964007">74964007</a></td><td>Other (qualifier value)</td></tr><tr><td><a href="http://browser.ihtsdotools.org/?perspective=full&amp;conceptId1=385432009">385432009</a></td><td>Not applicable (qualifier value)</td></tr></table></li></ul></div>
  </text>
  <url value="https://www.napkon.de/fhir/ValueSet/covid-vaccination-reasons"/>
  <version value="1.0.0"/>
  <name value="CovidVaccinationReasons"/>
  <title value="Covid Vaccination Reasons"/>
  <status value="active"/>
  <date value="2021-11-25T00:25:38+01:00"/>
  <publisher value="Charité - Universitätsmedizin Berlin"/>
  <contact>
    <name value="Charité - Universitätsmedizin Berlin"/>
    <telecom>
      <system value="url"/>
      <value value="https://www.netzwerk-universitaetsmedizin.de"/>
    </telecom>
  </contact>
  <description value="Individual reason for getting vaccinated against COVID-19"/>
  <compose>
    <include>
      <system value="https://www.netzwerk-universitaetsmedizin.de/fhir/CodeSystem/napkon-vaccination-module"/>
      <concept>
        <code value="2001"/>
        <display value="To protect myself from infection with SARS-CoV-2 or from COVID-19"/>
      </concept>
      <concept>
        <code value="2002"/>
        <display value="To protect my private environment from infection with SARS-CoV-2 or COVID-19"/>
      </concept>
      <concept>
        <code value="2003"/>
        <display value="To protect my work environment from infection with SARS-CoV-2 or COVID-19"/>
      </concept>
      <concept>
        <code value="2004"/>
        <display value="Because everyone gets vaccinated"/>
      </concept>
      <concept>
        <code value="2005"/>
        <display value="Because I am afraid of being discriminated against due to my vaccination status (e.g. travel ban, work ban)."/>
      </concept>
    </include>
    <include>
      <system value="http://snomed.info/sct"/>
      <version value="http://snomed.info/sct/900000000000207008/version/20210731"/>
      <concept>
        <code value="74964007"/>
        <display value="Other (qualifier value)"/>
      </concept>
      <concept>
        <code value="385432009"/>
        <display value="Not applicable (qualifier value)"/>
      </concept>
    </include>
  </compose>
</ValueSet>