<?xml version="1.0" encoding="UTF-8"?>

<ValueSet xmlns="http://hl7.org/fhir">
  <id value="complaint-intensity"/>
  <text>
    <status value="generated"/><div xmlns="http://www.w3.org/1999/xhtml"><ul><li>Include these codes as defined in <a href="http://www.snomed.org/"><code>http://snomed.info/sct</code></a> version <code>http://snomed.info/sct/900000000000207008/version/20210731</code><table class="none"><tr><td style="white-space:nowrap"><b>Code</b></td><td><b>Display</b></td></tr><tr><td><a href="http://browser.ihtsdotools.org/?perspective=full&amp;conceptId1=255604002">255604002</a></td><td>Mild (qualifier value)</td></tr><tr><td><a href="http://browser.ihtsdotools.org/?perspective=full&amp;conceptId1=371924009">371924009</a></td><td>Moderate to severe (qualifier value)</td></tr><tr><td><a href="http://browser.ihtsdotools.org/?perspective=full&amp;conceptId1=24484000">24484000</a></td><td>Severe (severity modifier) (qualifier value)</td></tr><tr><td><a href="http://browser.ihtsdotools.org/?perspective=full&amp;conceptId1=442452003">442452003</a></td><td>Life threatening severity (qualifier value)</td></tr></table></li></ul></div>
  </text>
  <url value="https://www.napkon.de/fhir/ValueSet/complaint-intensity"/>
  <version value="1.0.0"/>
  <name value="ComplaintIntensity"/>
  <title value="Complaint Intensity"/>
  <status value="active"/>
  <date value="2021-12-06T10:42:28+00:00"/>
  <description value="Intensity of general complaints"/>
  <compose>
    <include>
      <system value="http://snomed.info/sct"/>
      <version value="http://snomed.info/sct/900000000000207008/version/20210731"/>
      <concept>
        <code value="255604002"/>
        <display value="Mild (qualifier value)"/>
      </concept>
      <concept>
        <code value="371924009"/>
        <display value="Moderate to severe (qualifier value)"/>
      </concept>
      <concept>
        <code value="24484000"/>
        <display value="Severe (severity modifier) (qualifier value)"/>
      </concept>
      <concept>
        <code value="442452003"/>
        <display value="Life threatening severity (qualifier value)"/>
      </concept>
    </include>
  </compose>
</ValueSet>