<?xml version="1.0" encoding="UTF-8"?>

<ValueSet xmlns="http://hl7.org/fhir">
  <id value="covid19-vaccine-codes"/>
  <text>
    <status value="generated"/><div xmlns="http://www.w3.org/1999/xhtml"><ul><li>Include these codes as defined in <code>https://ec.europa.eu/health/documents/community-register/html/</code><table class="none"><tr><td style="white-space:nowrap"><b>Code</b></td><td><b>Display</b></td></tr><tr><td>EU/1/20/1528</td><td>Comirnaty</td></tr><tr><td>EU/1/20/1507</td><td>COVID-19 Vaccine Moderna</td></tr><tr><td>EU/1/21/1529</td><td>Vaxzevria</td></tr><tr><td>EU/1/20/1525</td><td>COVID-19 Vaccine Janssen</td></tr></table></li></ul></div>
  </text>
  <url value="https://www.napkon.de/fhir/ValueSet/covid19-vaccine-codes"/>
  <version value="1.0.0"/>
  <name value="Covid19VaccineCodes"/>
  <title value="COVID-19 Vaccine Codes"/>
  <status value="active"/>
  <date value="2021-11-25T00:25:38+01:00"/>
  <publisher value="Charité - Universitätsmedizin Berlin"/>
  <contact>
    <name value="Charité - Universitätsmedizin Berlin"/>
    <telecom>
      <system value="url"/>
      <value value="https://www.netzwerk-universitaetsmedizin.de"/>
    </telecom>
  </contact>
  <description value="COVID-19 Vaccine Codes (vaccines approved in the European Union)"/>
  <compose>
    <include>
      <system value="https://ec.europa.eu/health/documents/community-register/html/"/>
      <concept>
        <code value="EU/1/20/1528"/>
        <display value="Comirnaty"/>
      </concept>
      <concept>
        <code value="EU/1/20/1507"/>
        <display value="COVID-19 Vaccine Moderna"/>
      </concept>
      <concept>
        <code value="EU/1/21/1529"/>
        <display value="Vaxzevria"/>
      </concept>
      <concept>
        <code value="EU/1/20/1525"/>
        <display value="COVID-19 Vaccine Janssen"/>
      </concept>
    </include>
  </compose>
</ValueSet>