{
  "resourceType": "ValueSet",
  "id": "encounter-homehealth-ambulatory-inpatient",
  "text": {
    "status": "extensions",
    "div": "<div xmlns=\"http://www.w3.org/1999/xhtml\"><ul><li>Include these codes as defined in <a href=\"http://terminology.hl7.org/2.1.0/CodeSystem-v3-ActCode.html\"><code>http://terminology.hl7.org/CodeSystem/v3-ActCode</code></a><table class=\"none\"><tr><td style=\"white-space:nowrap\"><b>Code</b></td><td><b>Display</b></td><td><b>Definition</b></td></tr><tr><td><a href=\"http://terminology.hl7.org/2.1.0/CodeSystem-v3-ActCode.html#v3-ActCode-HH\">HH</a></td><td>home health</td><td>Healthcare encounter that takes place in the residence of the patient or a designee</td></tr><tr><td><a href=\"http://terminology.hl7.org/2.1.0/CodeSystem-v3-ActCode.html#v3-ActCode-AMB\">AMB</a></td><td>ambulatory</td><td>A comprehensive term for health care provided in a healthcare facility (e.g. a practitioneraTMs office, clinic setting, or hospital) on a nonresident basis. The term ambulatory usually implies that the patient has come to the location and is not assigned to a bed. Sometimes referred to as an outpatient encounter.</td></tr><tr><td><a href=\"http://terminology.hl7.org/2.1.0/CodeSystem-v3-ActCode.html#v3-ActCode-IMP\">IMP</a></td><td>inpatient encounter</td><td>A patient encounter where a patient is admitted by a hospital or equivalent facility, assigned to a location where patients generally stay at least overnight and provided with room, board, and continuous nursing service.</td></tr></table></li></ul></div>"
  },
  "url": "https://www.napkon.de/fhir/ValueSet/encounter-homehealth-ambulatory-inpatient",
  "version": "1.0.0",
  "name": "EncounterHomeHealthAmbulatoryInpatient",
  "title": "Encounter HomeHealth Ambulatory Inpatient",
  "status": "active",
  "date": "2021-11-25T00:25:38+01:00",
  "publisher": "Charité - Universitätsmedizin Berlin",
  "contact": [
    {
      "name": "Charité - Universitätsmedizin Berlin",
      "telecom": [
        {
          "system": "url",
          "value": "https://www.netzwerk-universitaetsmedizin.de"
        }
      ]
    }
  ],
  "description": "ValueSet to determine the encounter type of a patient",
  "compose": {
    "include": [
      {
        "system": "http://terminology.hl7.org/CodeSystem/v3-ActCode",
        "concept": [
          {
            "code": "HH",
            "display": "home health"
          },
          {
            "code": "AMB",
            "display": "ambulatory"
          },
          {
            "code": "IMP",
            "display": "inpatient encounter"
          }
        ]
      }
    ]
  }
}