{"resourceType":"ImplementationGuide","id":"napkon-vaccination","text":{"status":"extensions","div":"<div xmlns=\"http://www.w3.org/1999/xhtml\"><h2>NapkonVaccination</h2><p>The official URL for this implementation guide is: </p><pre>https://www.napkon.de/fhir/ImplementationGuide/napkon-vaccination</pre></div>"},"url":"https://www.napkon.de/fhir/ImplementationGuide/napkon-vaccination","version":"1.0.0","name":"NapkonVaccination","title":"NAPKON Vaccination Module","status":"active","date":"2021-11-30T16:36:32+00:00","publisher":"Charité - Universitätsmedizin Berlin","contact":[{"name":"Charité - Universitätsmedizin Berlin","telecom":[{"system":"url","value":"https://www.netzwerk-universitaetsmedizin.de"}]}],"packageId":"napkon-vaccination","license":"CC0-1.0","fhirVersion":["4.0.1"],"dependsOn":[{"id":"de_medizininformatikinitiative_kerndatensatz_prozedur","uri":"https://simplifier.net/guide/medizininformatikinitiative-modulprozeduren-implementationguide","packageId":"de.medizininformatikinitiative.kerndatensatz.prozedur","version":"2.0.0-alpha3"},{"id":"de_medizininformatikinitiative_kerndatensatz_person","uri":"https://simplifier.net/guide/medizininformatikinitiative-modulperson-implementationguide","packageId":"de.medizininformatikinitiative.kerndatensatz.person","version":"2.0.0-alpha3"},{"id":"de_medizininformatikinitiative_kerndatensatz_medikation","uri":"https://simplifier.net/guide/medizininformatikinitiative-modulmedikation-implementationguide","packageId":"de.medizininformatikinitiative.kerndatensatz.medikation","version":"1.0.10"},{"id":"de_medizininformatikinitiative_kerndatensatz_diagnose","uri":"https://simplifier.net/guide/medizininformatikinitiative-moduldiagnosen-implementationguide","packageId":"de.medizininformatikinitiative.kerndatensatz.diagnose","version":"2.0.0-alpha3"},{"id":"de_medizininformatikinitiative_kerndatensatz_laborbefund","uri":"https://simplifier.net/guide/laborbefundindermedizininformatik-initiative","packageId":"de.medizininformatikinitiative.kerndatensatz.laborbefund","version":"1.0.6"},{"id":"de_gecco","uri":"https://simplifier.net/guide/germancoronaconsensusdataset-implementationguide","packageId":"de.gecco","version":"1.0.5"},{"id":"de_medizininformatikinitiative_kerndatensatz_meta","uri":"https://simplifier.net/guide/medizininformatikinitiative-implementationguide-manteldokument","packageId":"de.medizininformatikinitiative.kerndatensatz.meta","version":"1.0.3"},{"id":"de_medizininformatikinitiative_kerndatensatz_fall","uri":"https://simplifier.net/guide/medizininformatikinitiative-modulfall-implementationguide","packageId":"de.medizininformatikinitiative.kerndatensatz.fall","version":"1.0.1"}],"definition":{"extension":[{"extension":[{"url":"code","valueString":"copyrightyear"},{"url":"value","valueString":"2021+"}],"url":"http://hl7.org/fhir/tools/StructureDefinition/ig-parameter"},{"extension":[{"url":"code","valueString":"releaselabel"},{"url":"value","valueString":"trial-use"}],"url":"http://hl7.org/fhir/tools/StructureDefinition/ig-parameter"},{"extension":[{"url":"code","valueString":"active-tables"},{"url":"value","valueString":"true"}],"url":"http://hl7.org/fhir/tools/StructureDefinition/ig-parameter"},{"extension":[{"url":"code","valueString":"apply-contact"},{"url":"value","valueString":"false"}],"url":"http://hl7.org/fhir/tools/StructureDefinition/ig-parameter"},{"extension":[{"url":"code","valueString":"apply-jurisdiction"},{"url":"value","valueString":"false"}],"url":"http://hl7.org/fhir/tools/StructureDefinition/ig-parameter"},{"extension":[{"url":"code","valueString":"apply-publisher"},{"url":"value","valueString":"false"}],"url":"http://hl7.org/fhir/tools/StructureDefinition/ig-parameter"},{"extension":[{"url":"code","valueString":"apply-version"},{"url":"value","valueString":"false"}],"url":"http://hl7.org/fhir/tools/StructureDefinition/ig-parameter"},{"extension":[{"url":"code","valueString":"show-inherited-invariants"},{"url":"value","valueString":"false"}],"url":"http://hl7.org/fhir/tools/StructureDefinition/ig-parameter"},{"extension":[{"url":"code","valueString":"usage-stats-opt-out"},{"url":"value","valueString":"true"}],"url":"http://hl7.org/fhir/tools/StructureDefinition/ig-parameter"},{"extension":[{"url":"code","valueString":"excludexml"},{"url":"value","valueString":"false"}],"url":"http://hl7.org/fhir/tools/StructureDefinition/ig-parameter"},{"extension":[{"url":"code","valueString":"excludejsn"},{"url":"value","valueString":"false"}],"url":"http://hl7.org/fhir/tools/StructureDefinition/ig-parameter"},{"extension":[{"url":"code","valueString":"excludettl"},{"url":"value","valueString":"true"}],"url":"http://hl7.org/fhir/tools/StructureDefinition/ig-parameter"},{"extension":[{"url":"code","valueString":"excludemap"},{"url":"value","valueString":"true"}],"url":"http://hl7.org/fhir/tools/StructureDefinition/ig-parameter"},{"extension":[{"url":"code","valueString":"excludeexample"},{"url":"value","valueString":"true"}],"url":"http://hl7.org/fhir/tools/StructureDefinition/ig-parameter"},{"extension":[{"url":"code","valueString":"extension-domain"},{"url":"value","valueString":"https://www.netzwerk-universitaetsmedizin.de"}],"url":"http://hl7.org/fhir/tools/StructureDefinition/ig-parameter"},{"extension":[{"url":"code","valueString":"extension-domain"},{"url":"value","valueString":"https://napkon.de"}],"url":"http://hl7.org/fhir/tools/StructureDefinition/ig-parameter"},{"extension":[{"url":"code","valueString":"extension-domain"},{"url":"value","valueString":"https://simplifier.net"}],"url":"http://hl7.org/fhir/tools/StructureDefinition/ig-parameter"},{"extension":[{"url":"code","valueString":"autoload-resources"},{"url":"value","valueString":"true"}],"url":"http://hl7.org/fhir/tools/StructureDefinition/ig-parameter"},{"extension":[{"url":"code","valueString":"path-liquid"},{"url":"value","valueString":"template/liquid"}],"url":"http://hl7.org/fhir/tools/StructureDefinition/ig-parameter"},{"extension":[{"url":"code","valueString":"path-liquid"},{"url":"value","valueString":"input/liquid"}],"url":"http://hl7.org/fhir/tools/StructureDefinition/ig-parameter"},{"extension":[{"url":"code","valueString":"path-qa"},{"url":"value","valueString":"temp/qa"}],"url":"http://hl7.org/fhir/tools/StructureDefinition/ig-parameter"},{"extension":[{"url":"code","valueString":"path-temp"},{"url":"value","valueString":"temp/pages"}],"url":"http://hl7.org/fhir/tools/StructureDefinition/ig-parameter"},{"extension":[{"url":"code","valueString":"path-output"},{"url":"value","valueString":"output"}],"url":"http://hl7.org/fhir/tools/StructureDefinition/ig-parameter"},{"extension":[{"url":"code","valueString":"path-suppressed-warnings"},{"url":"value","valueString":"input/ignoreWarnings.txt"}],"url":"http://hl7.org/fhir/tools/StructureDefinition/ig-parameter"},{"extension":[{"url":"code","valueString":"path-history"},{"url":"value","valueString":"https://www.napkon.de/fhir/history.html"}],"url":"http://hl7.org/fhir/tools/StructureDefinition/ig-parameter"},{"extension":[{"url":"code","valueString":"template-html"},{"url":"value","valueString":"template-page.html"}],"url":"http://hl7.org/fhir/tools/StructureDefinition/ig-parameter"},{"extension":[{"url":"code","valueString":"template-md"},{"url":"value","valueString":"template-page-md.html"}],"url":"http://hl7.org/fhir/tools/StructureDefinition/ig-parameter"},{"extension":[{"url":"code","valueString":"apply-context"},{"url":"value","valueString":"true"}],"url":"http://hl7.org/fhir/tools/StructureDefinition/ig-parameter"},{"extension":[{"url":"code","valueString":"apply-copyright"},{"url":"value","valueString":"true"}],"url":"http://hl7.org/fhir/tools/StructureDefinition/ig-parameter"},{"extension":[{"url":"code","valueString":"apply-license"},{"url":"value","valueString":"true"}],"url":"http://hl7.org/fhir/tools/StructureDefinition/ig-parameter"}],"grouping":[{"id":"-str-questionnaire","name":"Structures: Questionnaires","description":"These define forms used by systems conforming to this implementation guide to capture or expose data to end users"},{"id":"-str-profile","name":"Structures: Resource Profiles","description":"These define constraints on FHIR resources for systems conforming to this implementation guide"},{"id":"-term-valueset","name":"Terminology: Value Sets","description":"These define sets of codes used by systems conforming to this implementation guide"},{"id":"-term-codesystem","name":"Terminology: Code Systems","description":"These define new code systems used by systems conforming to this implementation guide"},{"id":"-ex-example","name":"Example: Example Instances","description":"These are example instances that show what data produced and consumed by systems conforming with this implementation guide might look like"}],"resource":[{"extension":[{"url":"http://hl7.org/fhir/StructureDefinition/implementationguide-page","valueUri":"StructureDefinition-additional-vaccination-willingness.html"}],"reference":{"reference":"StructureDefinition/additional-vaccination-willingness"},"name":"Additional Vaccination Willingness","description":"Response to AdditionalVaccinationWillingnessQuestionnaire","exampleBoolean":false,"groupingId":"-str-profile"},{"extension":[{"url":"http://hl7.org/fhir/StructureDefinition/implementationguide-page","valueUri":"StructureDefinition-allergic-reaction-to-vaccination.html"}],"reference":{"reference":"StructureDefinition/allergic-reaction-to-vaccination"},"name":"Allergic Reaction To Vaccination","description":"Whether a vaccination caused an allergic reaction","exampleBoolean":false,"groupingId":"-str-profile"},{"extension":[{"url":"http://hl7.org/fhir/StructureDefinition/implementationguide-page","valueUri":"StructureDefinition-analgesic-antipyretic-intake-after-vaccination.html"}],"reference":{"reference":"StructureDefinition/analgesic-antipyretic-intake-after-vaccination"},"name":"Analgesic Antipyretic Intake After Vaccination","description":"Whether a patient took analgesic or antipyretic drugs after a vaccination event","exampleBoolean":false,"groupingId":"-str-profile"},{"extension":[{"url":"http://hl7.org/fhir/StructureDefinition/implementationguide-page","valueUri":"StructureDefinition-body-temperature-after-vaccination.html"}],"reference":{"reference":"StructureDefinition/body-temperature-after-vaccination"},"name":"Body Temperature After Vaccination","description":"Maximal body temperature after a vaccination event (indicating fever)","exampleBoolean":false,"groupingId":"-str-profile"},{"extension":[{"url":"http://hl7.org/fhir/StructureDefinition/implementationguide-page","valueUri":"StructureDefinition-covid19-encounter.html"}],"reference":{"reference":"StructureDefinition/covid19-encounter"},"name":"COVID-19 Encounter","description":"Whether a patient underwent medical treatment for COVID-19","exampleBoolean":false,"groupingId":"-str-profile"},{"extension":[{"url":"http://hl7.org/fhir/StructureDefinition/implementationguide-page","valueUri":"StructureDefinition-covid19-immunization.html"}],"reference":{"reference":"StructureDefinition/covid19-immunization"},"name":"COVID-19 Immunization","description":"COVID-19 immunization event","exampleBoolean":false,"groupingId":"-str-profile"},{"extension":[{"url":"http://hl7.org/fhir/StructureDefinition/implementationguide-page","valueUri":"StructureDefinition-covid19-oxygen-therapy.html"}],"reference":{"reference":"StructureDefinition/covid19-oxygen-therapy"},"name":"COVID-19 Oxygen Therapy","description":"Indicating whether a COVID-19 patient received an oxygen therapy","exampleBoolean":false,"groupingId":"-str-profile"},{"extension":[{"url":"http://hl7.org/fhir/StructureDefinition/implementationguide-page","valueUri":"StructureDefinition-chemotherapy.html"}],"reference":{"reference":"StructureDefinition/chemotherapy"},"name":"Chemotherapy","description":"Whether a patient is or has been receiving a chemotherapy within the last 3 months","exampleBoolean":false,"groupingId":"-str-profile"},{"extension":[{"url":"http://hl7.org/fhir/StructureDefinition/implementationguide-page","valueUri":"StructureDefinition-general-complaints-after-vaccination.html"}],"reference":{"reference":"StructureDefinition/general-complaints-after-vaccination"},"name":"General Complaints After Vaccination","description":"General complaints after a vaccination event","exampleBoolean":false,"groupingId":"-str-profile"},{"extension":[{"url":"http://hl7.org/fhir/StructureDefinition/implementationguide-page","valueUri":"StructureDefinition-immunomodulatory-therapy.html"}],"reference":{"reference":"StructureDefinition/immunomodulatory-therapy"},"name":"Immunomodulatory Therapy","description":"Whether a patient is receiving an immunosuppressive or -modulatory therapy","exampleBoolean":false,"groupingId":"-str-profile"},{"extension":[{"url":"http://hl7.org/fhir/StructureDefinition/implementationguide-page","valueUri":"StructureDefinition-medical-treatment-for-vaccination-adverse-reaction.html"}],"reference":{"reference":"StructureDefinition/medical-treatment-for-vaccination-adverse-reaction"},"name":"Medical Treatment For Vaccination Adverse Reaction","description":"Whether a patient underwent medical treatment for a potential or actual adverse reaction to a vaccination event","exampleBoolean":false,"groupingId":"-str-profile"},{"extension":[{"url":"http://hl7.org/fhir/StructureDefinition/implementationguide-page","valueUri":"StructureDefinition-regular-alcohol-intake.html"}],"reference":{"reference":"StructureDefinition/regular-alcohol-intake"},"name":"Regular Alcohol Intake","description":"Whether a patient regularly drinks alcohol","exampleBoolean":false,"groupingId":"-str-profile"},{"extension":[{"url":"http://hl7.org/fhir/StructureDefinition/implementationguide-page","valueUri":"StructureDefinition-regular-alcohol-intake-quantity.html"}],"reference":{"reference":"StructureDefinition/regular-alcohol-intake-quantity"},"name":"Regular Alcohol Intake Quantity","description":"How many alcoholic drinks a patient usually drinks per day","exampleBoolean":false,"groupingId":"-str-profile"},{"extension":[{"url":"http://hl7.org/fhir/StructureDefinition/implementationguide-page","valueUri":"StructureDefinition-sars-cov2-infection.html"}],"reference":{"reference":"StructureDefinition/sars-cov2-infection"},"name":"SARS CoV2 Infection","description":"Profile to capture the diagnosis of disease caused by 2019 novel coronavirus.","exampleBoolean":false,"groupingId":"-str-profile"},{"extension":[{"url":"http://hl7.org/fhir/StructureDefinition/implementationguide-page","valueUri":"StructureDefinition-sars-cov2-variant.html"}],"reference":{"reference":"StructureDefinition/sars-cov2-variant"},"name":"SARS CoV2 Variant","description":"Variant/strain of detected SARS CoV2 (Pango Cov-lineage)","exampleBoolean":false,"groupingId":"-str-profile"},{"extension":[{"url":"http://hl7.org/fhir/StructureDefinition/implementationguide-page","valueUri":"StructureDefinition-vaccination-injection-site-erythema.html"}],"reference":{"reference":"StructureDefinition/vaccination-injection-site-erythema"},"name":"Vaccination Injection Site Erythema","description":"Size of an erythema at a vaccine injection site","exampleBoolean":false,"groupingId":"-str-profile"},{"extension":[{"url":"http://hl7.org/fhir/StructureDefinition/implementationguide-page","valueUri":"StructureDefinition-vaccination-injection-site-pain.html"}],"reference":{"reference":"StructureDefinition/vaccination-injection-site-pain"},"name":"Vaccination Injection Site Pain","description":"Pain intensity at vaccine injection site at rest or movement","exampleBoolean":false,"groupingId":"-str-profile"},{"extension":[{"url":"http://hl7.org/fhir/StructureDefinition/implementationguide-page","valueUri":"StructureDefinition-vaccination-injection-site-swelling.html"}],"reference":{"reference":"StructureDefinition/vaccination-injection-site-swelling"},"name":"Vaccination Injection Site Swelling","description":"Size of an swelling at a vaccine injection site","exampleBoolean":false,"groupingId":"-str-profile"},{"extension":[{"url":"http://hl7.org/fhir/StructureDefinition/implementationguide-page","valueUri":"ValueSet-analgesics-antipyretics.html"}],"reference":{"reference":"ValueSet/analgesics-antipyretics"},"name":"Analgesics Antipyretics","description":"Analgetic and antipyretic drugs","exampleBoolean":false,"groupingId":"-term-valueset"},{"extension":[{"url":"http://hl7.org/fhir/StructureDefinition/implementationguide-page","valueUri":"ValueSet-covid19-vaccination-contraindications.html"}],"reference":{"reference":"ValueSet/covid19-vaccination-contraindications"},"name":"COVID-19 Vaccination Contraindications","description":"Contraindications precluding COVID-19 vaccination","exampleBoolean":false,"groupingId":"-term-valueset"},{"extension":[{"url":"http://hl7.org/fhir/StructureDefinition/implementationguide-page","valueUri":"ValueSet-covid-vaccination-reasons.html"}],"reference":{"reference":"ValueSet/covid-vaccination-reasons"},"name":"COVID-19 Vaccination Reasons","description":"Individual reason for getting vaccinated against COVID-19","exampleBoolean":false,"groupingId":"-term-valueset"},{"extension":[{"url":"http://hl7.org/fhir/StructureDefinition/implementationguide-page","valueUri":"ValueSet-covid19-vaccine-codes.html"}],"reference":{"reference":"ValueSet/covid19-vaccine-codes"},"name":"COVID-19 Vaccine Codes","description":"COVID-19 Vaccine Codes (vaccines approved in the European Union)","exampleBoolean":false,"groupingId":"-term-valueset"},{"extension":[{"url":"http://hl7.org/fhir/StructureDefinition/implementationguide-page","valueUri":"ValueSet-ctcae-grade-value-set.html"}],"reference":{"reference":"ValueSet/ctcae-grade-value-set"},"name":"CTCAE Grade Value Set","description":"CTCAE Grades 0 through 5. The grade of the adverse event, determined by CTCAE criteria, where 0 represents confirmation that the given adverse event did NOT occur, and 5 represents death. Note that grade 0 events are generally not reportable, but may be created to give positive confirmation that the clinician assessed or considered a particular AE.","exampleBoolean":false,"groupingId":"-term-valueset"},{"extension":[{"url":"http://hl7.org/fhir/StructureDefinition/implementationguide-page","valueUri":"ValueSet-complaint-intensity.html"}],"reference":{"reference":"ValueSet/complaint-intensity"},"name":"Complaint Intensity","description":"Intensity of general complaints","exampleBoolean":false,"groupingId":"-term-valueset"},{"extension":[{"url":"http://hl7.org/fhir/StructureDefinition/implementationguide-page","valueUri":"ValueSet-detected-not-detected-unknown-undetermined.html"}],"reference":{"reference":"ValueSet/detected-not-detected-unknown-undetermined"},"name":"Detected Not Detected Unknown Undetermined","description":"Values for laboratory observations","exampleBoolean":false,"groupingId":"-term-valueset"},{"extension":[{"url":"http://hl7.org/fhir/StructureDefinition/implementationguide-page","valueUri":"ValueSet-encounter-ambulatory-emergency-inpatient.html"}],"reference":{"reference":"ValueSet/encounter-ambulatory-emergency-inpatient"},"name":"Encounter Ambulatory Emergency Inpatient","description":"ValueSet to determine the encounter type of a patient","exampleBoolean":false,"groupingId":"-term-valueset"},{"extension":[{"url":"http://hl7.org/fhir/StructureDefinition/implementationguide-page","valueUri":"ValueSet-encounter-homehealth-ambulatory-inpatient.html"}],"reference":{"reference":"ValueSet/encounter-homehealth-ambulatory-inpatient"},"name":"Encounter HomeHealth Ambulatory Inpatient","description":"ValueSet to determine the encounter type of a patient","exampleBoolean":false,"groupingId":"-term-valueset"},{"extension":[{"url":"http://hl7.org/fhir/StructureDefinition/implementationguide-page","valueUri":"ValueSet-general-complaints-after-vaccination.html"}],"reference":{"reference":"ValueSet/general-complaints-after-vaccination"},"name":"General Complaints After Vaccination","description":"General complaints after vaccination","exampleBoolean":false,"groupingId":"-term-valueset"},{"extension":[{"url":"http://hl7.org/fhir/StructureDefinition/implementationguide-page","valueUri":"ValueSet-immunosuppressive-immunomodulatory-therapy.html"}],"reference":{"reference":"ValueSet/immunosuppressive-immunomodulatory-therapy"},"name":"Immunosuppressive Immunomodulatory Therapy","description":"Immunosuppressive and immunomodulatory procedures / therapies codes","exampleBoolean":false,"groupingId":"-term-valueset"},{"extension":[{"url":"http://hl7.org/fhir/StructureDefinition/implementationguide-page","valueUri":"ValueSet-pain-provoking-factor.html"}],"reference":{"reference":"ValueSet/pain-provoking-factor"},"name":"Pain Provoking Factor","description":"Pain provoking factors","exampleBoolean":false,"groupingId":"-term-valueset"},{"extension":[{"url":"http://hl7.org/fhir/StructureDefinition/implementationguide-page","valueUri":"ValueSet-present-not-present-undetermined-other.html"}],"reference":{"reference":"ValueSet/present-not-present-undetermined-other"},"name":"Present Not Present Undetermined Other","description":"Values for laboratory observations","exampleBoolean":false,"groupingId":"-term-valueset"},{"extension":[{"url":"http://hl7.org/fhir/StructureDefinition/implementationguide-page","valueUri":"ValueSet-restricted-event-status.html"}],"reference":{"reference":"ValueSet/restricted-event-status"},"name":"RestrictedEventStatus","description":"EventStatus value set restricted to codes not-done, active, completed and unknown","exampleBoolean":false,"groupingId":"-term-valueset"},{"extension":[{"url":"http://hl7.org/fhir/StructureDefinition/implementationguide-page","valueUri":"ValueSet-severity-grading.html"}],"reference":{"reference":"ValueSet/severity-grading"},"name":"Severity Grading","description":"Scale to grade the severity of an outcome/condition/observation","exampleBoolean":false,"groupingId":"-term-valueset"},{"extension":[{"url":"http://hl7.org/fhir/StructureDefinition/implementationguide-page","valueUri":"ValueSet-yes-no-unknown.html"}],"reference":{"reference":"ValueSet/yes-no-unknown"},"name":"Yes No Unknown","description":"Yes / No / Unknown","exampleBoolean":false,"groupingId":"-term-valueset"},{"extension":[{"url":"http://hl7.org/fhir/StructureDefinition/implementationguide-page","valueUri":"CodeSystem-ctcae-grade-code-system.html"}],"reference":{"reference":"CodeSystem/ctcae-grade-code-system"},"name":"CTCAE Grade Code System","description":"Common terminology criteria (CTC) grades associated with the severity of an adverse event, expressed as integers, 0 through 5, with 0 representing no adverse event, and 5 representing death.","exampleBoolean":false,"groupingId":"-term-codesystem"},{"extension":[{"url":"http://hl7.org/fhir/StructureDefinition/implementationguide-page","valueUri":"CodeSystem-napkon-vaccination-module.html"}],"reference":{"reference":"CodeSystem/napkon-vaccination-module"},"name":"NAPKON Vaccination Module Codes","description":"NAPKON Vaccination Module Code System - Collection of vaccination module-specific codes that are missing from common terminologies such as SNOMED CT","exampleBoolean":false,"groupingId":"-term-codesystem"},{"extension":[{"url":"http://hl7.org/fhir/StructureDefinition/implementationguide-page","valueUri":"QuestionnaireResponse-AdditionalVaccinationWillingness.html"}],"reference":{"reference":"QuestionnaireResponse/AdditionalVaccinationWillingness"},"name":"Additional Vaccination Willingness","description":"Example of a subject who is willing to receive an additional COVID-19 vaccination if it is officially recommended","exampleCanonical":"https://www.napkon.de/fhir/StructureDefinition/additional-vaccination-willingness","groupingId":"-ex-example"},{"extension":[{"url":"http://hl7.org/fhir/StructureDefinition/implementationguide-page","valueUri":"Questionnaire-AdditionalVaccinationWillingnessQuestionaire.html"}],"reference":{"reference":"Questionnaire/AdditionalVaccinationWillingnessQuestionaire"},"name":"Additional Vaccination Willingness","description":"Willingness of the patient to receive additional COVID-19 vaccination if officially recommended","exampleBoolean":false,"groupingId":"-str-questionnaire"},{"extension":[{"url":"http://hl7.org/fhir/StructureDefinition/implementationguide-page","valueUri":"Observation-AllergicReactionToVaccinationInstance.html"}],"reference":{"reference":"Observation/AllergicReactionToVaccinationInstance"},"name":"Allergic Reaction To Vaccination Instance","description":"Example of an undetermined state of an allergic reaction cause by a vaccine","exampleCanonical":"https://www.napkon.de/fhir/StructureDefinition/allergic-reaction-to-vaccination","groupingId":"-ex-example"},{"extension":[{"url":"http://hl7.org/fhir/StructureDefinition/implementationguide-page","valueUri":"Observation-AllergicReactionToVaccinationInstanceOther.html"}],"reference":{"reference":"Observation/AllergicReactionToVaccinationInstanceOther"},"name":"Allergic Reaction To Vaccination Instance","description":"Example of a free-text answer to an allergic reaction caused by vaccination","exampleCanonical":"https://www.napkon.de/fhir/StructureDefinition/allergic-reaction-to-vaccination","groupingId":"-ex-example"},{"extension":[{"url":"http://hl7.org/fhir/StructureDefinition/implementationguide-page","valueUri":"MedicationStatement-AnalgesicAntipyreticIntakeAfterVaccination.html"}],"reference":{"reference":"MedicationStatement/AnalgesicAntipyreticIntakeAfterVaccination"},"name":"Analgesic Antipyretic Intake After Vaccination","description":"Example of an antipyretic drug taken after a vaccination event","exampleCanonical":"https://www.napkon.de/fhir/StructureDefinition/analgesic-antipyretic-intake-after-vaccination","groupingId":"-ex-example"},{"extension":[{"url":"http://hl7.org/fhir/StructureDefinition/implementationguide-page","valueUri":"Observation-BodyTemperatureAfterVaccinationNotMeasured.html"}],"reference":{"reference":"Observation/BodyTemperatureAfterVaccinationNotMeasured"},"name":"Body Temperature After Vaccination","description":"Example of a not measured body temperature after vaccination","exampleCanonical":"https://www.napkon.de/fhir/StructureDefinition/body-temperature-after-vaccination","groupingId":"-ex-example"},{"extension":[{"url":"http://hl7.org/fhir/StructureDefinition/implementationguide-page","valueUri":"Observation-BodyTemperatureAfterVaccinationQuantity.html"}],"reference":{"reference":"Observation/BodyTemperatureAfterVaccinationQuantity"},"name":"Body Temperature After Vaccination","description":"Example of an elevated body temperature after vaccination","exampleCanonical":"https://www.napkon.de/fhir/StructureDefinition/body-temperature-after-vaccination","groupingId":"-ex-example"},{"extension":[{"url":"http://hl7.org/fhir/StructureDefinition/implementationguide-page","valueUri":"Observation-BodyTemperatureAfterVaccinationRange.html"}],"reference":{"reference":"Observation/BodyTemperatureAfterVaccinationRange"},"name":"Body Temperature After Vaccination","description":"Example of an elevated body temperature after vaccination","exampleCanonical":"https://www.napkon.de/fhir/StructureDefinition/body-temperature-after-vaccination","groupingId":"-ex-example"},{"extension":[{"url":"http://hl7.org/fhir/StructureDefinition/implementationguide-page","valueUri":"Encounter-COVID19EncounterInpatient.html"}],"reference":{"reference":"Encounter/COVID19EncounterInpatient"},"name":"Medical Treatment For Vaccination Adverse Reaction","description":"Example of a patient hospitalized for a potential or actual adverse reaction to a vaccination event","exampleCanonical":"https://www.napkon.de/fhir/StructureDefinition/covid19-encounter","groupingId":"-ex-example"},{"extension":[{"url":"http://hl7.org/fhir/StructureDefinition/implementationguide-page","valueUri":"Procedure-COVID19OxygenTherapy.html"}],"reference":{"reference":"Procedure/COVID19OxygenTherapy"},"name":"COVID-19 Oxygen Therapy","description":"Example of a COVID-19 patient who received an oxygen therapy","exampleCanonical":"https://www.napkon.de/fhir/StructureDefinition/covid19-oxygen-therapy","groupingId":"-ex-example"},{"extension":[{"url":"http://hl7.org/fhir/StructureDefinition/implementationguide-page","valueUri":"Immunization-COVIDVaccinationDone.html"}],"reference":{"reference":"Immunization/COVIDVaccinationDone"},"name":"COVID-19 Vaccination Done","description":"Example of a patient having received a vaccination","exampleCanonical":"https://www.napkon.de/fhir/StructureDefinition/covid19-immunization","groupingId":"-ex-example"},{"extension":[{"url":"http://hl7.org/fhir/StructureDefinition/implementationguide-page","valueUri":"Immunization-COVIDVaccinationNotDone.html"}],"reference":{"reference":"Immunization/COVIDVaccinationNotDone"},"name":"COVID-19 Vaccination Not Done","description":"Example of a patient not receiving a vaccination due to pregnancy","exampleCanonical":"https://www.napkon.de/fhir/StructureDefinition/covid19-immunization","groupingId":"-ex-example"},{"extension":[{"url":"http://hl7.org/fhir/StructureDefinition/implementationguide-page","valueUri":"Immunization-COVIDVaccinationNotDoneReasonOther.html"}],"reference":{"reference":"Immunization/COVIDVaccinationNotDoneReasonOther"},"name":"COVID-19 Vaccination Not Done Reason Other","description":"Example of a patient not receiving a vaccination due to a specified (free-text) 'other reason'","exampleCanonical":"https://www.napkon.de/fhir/StructureDefinition/covid19-immunization","groupingId":"-ex-example"},{"extension":[{"url":"http://hl7.org/fhir/StructureDefinition/implementationguide-page","valueUri":"Procedure-Chemotherapy.html"}],"reference":{"reference":"Procedure/Chemotherapy"},"name":"Chemotherapy","description":"Example of a patient not receiving chemotherapy during the last 3 months","exampleCanonical":"https://www.napkon.de/fhir/StructureDefinition/chemotherapy","groupingId":"-ex-example"},{"extension":[{"url":"http://hl7.org/fhir/StructureDefinition/implementationguide-page","valueUri":"Patient-ExamplePatient.html"}],"reference":{"reference":"Patient/ExamplePatient"},"name":"ExamplePatient","description":"Example patient to be used as reference in other instances","exampleBoolean":true,"groupingId":"-ex-example"},{"extension":[{"url":"http://hl7.org/fhir/StructureDefinition/implementationguide-page","valueUri":"Condition-GeneralComplaintsAfterVaccination.html"}],"reference":{"reference":"Condition/GeneralComplaintsAfterVaccination"},"name":"General Complaints After Vaccination","description":"Example of a chill after a vaccination event","exampleCanonical":"https://www.napkon.de/fhir/StructureDefinition/general-complaints-after-vaccination","groupingId":"-ex-example"},{"extension":[{"url":"http://hl7.org/fhir/StructureDefinition/implementationguide-page","valueUri":"Procedure-ImmunomodulatoryTherapy.html"}],"reference":{"reference":"Procedure/ImmunomodulatoryTherapy"},"name":"Immunomodulatory Therapy","description":"Example of a patient receiving an immunosuppresive therapy","exampleCanonical":"https://www.napkon.de/fhir/StructureDefinition/immunomodulatory-therapy","groupingId":"-ex-example"},{"extension":[{"url":"http://hl7.org/fhir/StructureDefinition/implementationguide-page","valueUri":"Procedure-ImmunomodulatoryTherapyNotDone.html"}],"reference":{"reference":"Procedure/ImmunomodulatoryTherapyNotDone"},"name":"Immunomodulatory Therapy","description":"Example of a patient not receiving an immunosuppresive therapy","exampleCanonical":"https://www.napkon.de/fhir/StructureDefinition/immunomodulatory-therapy","groupingId":"-ex-example"},{"extension":[{"url":"http://hl7.org/fhir/StructureDefinition/implementationguide-page","valueUri":"Encounter-MedicalTreatmentForVaccinationAdverseReactionAtGP.html"}],"reference":{"reference":"Encounter/MedicalTreatmentForVaccinationAdverseReactionAtGP"},"name":"Medical Treatment For Vaccination Adverse Reaction","description":"Example of a patient treated in the mergency room or by a general practitioner for a potential or actual adverse reaction to a vaccination event","exampleCanonical":"https://www.napkon.de/fhir/StructureDefinition/medical-treatment-for-vaccination-adverse-reaction","groupingId":"-ex-example"},{"extension":[{"url":"http://hl7.org/fhir/StructureDefinition/implementationguide-page","valueUri":"Encounter-MedicalTreatmentForVaccinationAdverseReactionInHospital.html"}],"reference":{"reference":"Encounter/MedicalTreatmentForVaccinationAdverseReactionInHospital"},"name":"Medical Treatment For Vaccination Adverse Reaction","description":"Example of a patient hospitalized for a potential or actual adverse reaction to a vaccination event","exampleCanonical":"https://www.napkon.de/fhir/StructureDefinition/medical-treatment-for-vaccination-adverse-reaction","groupingId":"-ex-example"},{"extension":[{"url":"http://hl7.org/fhir/StructureDefinition/implementationguide-page","valueUri":"Observation-RegularAlcoholIntake1.html"}],"reference":{"reference":"Observation/RegularAlcoholIntake1"},"name":"Regular Alcohol Intake","description":"Example of a patient who drinks a single drink per week","exampleCanonical":"https://www.napkon.de/fhir/StructureDefinition/regular-alcohol-intake","groupingId":"-ex-example"},{"extension":[{"url":"http://hl7.org/fhir/StructureDefinition/implementationguide-page","valueUri":"Observation-RegularAlcoholIntake4.html"}],"reference":{"reference":"Observation/RegularAlcoholIntake4"},"name":"Regular Alcohol Intake","description":"Example of a patient who drinks at least 4 drinks per week","exampleCanonical":"https://www.napkon.de/fhir/StructureDefinition/regular-alcohol-intake","groupingId":"-ex-example"},{"extension":[{"url":"http://hl7.org/fhir/StructureDefinition/implementationguide-page","valueUri":"Observation-RegularAlcoholIntakeNo.html"}],"reference":{"reference":"Observation/RegularAlcoholIntakeNo"},"name":"Regular Alcohol Intake","description":"Example of a patient for whom the alcohol intake is unknown","exampleCanonical":"https://www.napkon.de/fhir/StructureDefinition/regular-alcohol-intake","groupingId":"-ex-example"},{"extension":[{"url":"http://hl7.org/fhir/StructureDefinition/implementationguide-page","valueUri":"Observation-RegularAlcoholIntakeNoLonger.html"}],"reference":{"reference":"Observation/RegularAlcoholIntakeNoLonger"},"name":"Regular Alcohol Intake","description":"Example of a patient who does no longer drink alcohol","exampleCanonical":"https://www.napkon.de/fhir/StructureDefinition/regular-alcohol-intake","groupingId":"-ex-example"},{"extension":[{"url":"http://hl7.org/fhir/StructureDefinition/implementationguide-page","valueUri":"Observation-RegularAlcoholIntakeQuantity.html"}],"reference":{"reference":"Observation/RegularAlcoholIntakeQuantity"},"name":"Regular Alcohol Intake Quantity","description":"Example of intake of 5 or more alcoholic beverages per day","exampleCanonical":"https://www.napkon.de/fhir/StructureDefinition/regular-alcohol-intake-quantity","groupingId":"-ex-example"},{"extension":[{"url":"http://hl7.org/fhir/StructureDefinition/implementationguide-page","valueUri":"Observation-RegularAlcoholIntakeQuantityNone.html"}],"reference":{"reference":"Observation/RegularAlcoholIntakeQuantityNone"},"name":"Regular Alcohol Intake Quantity","description":"Example of a patient for whom the quantity is unknown","exampleCanonical":"https://www.napkon.de/fhir/StructureDefinition/regular-alcohol-intake-quantity","groupingId":"-ex-example"},{"extension":[{"url":"http://hl7.org/fhir/StructureDefinition/implementationguide-page","valueUri":"Condition-SARSCoV2Infection.html"}],"reference":{"reference":"Condition/SARSCoV2Infection"},"name":"SARS CoV2 Infection","description":"Example of a patient with a SARS CoV2 infection","exampleCanonical":"https://www.napkon.de/fhir/StructureDefinition/sars-cov2-infection","groupingId":"-ex-example"},{"extension":[{"url":"http://hl7.org/fhir/StructureDefinition/implementationguide-page","valueUri":"Condition-SARSCoV2InfectionNone.html"}],"reference":{"reference":"Condition/SARSCoV2InfectionNone"},"name":"SARS CoV2 Infection","description":"Example of a patient without SARS CoV2 infection","exampleCanonical":"https://www.napkon.de/fhir/StructureDefinition/sars-cov2-infection","groupingId":"-ex-example"},{"extension":[{"url":"http://hl7.org/fhir/StructureDefinition/implementationguide-page","valueUri":"Condition-SARSCoV2InfectionUnknown.html"}],"reference":{"reference":"Condition/SARSCoV2InfectionUnknown"},"name":"SARS CoV2 Infection","description":"Example of an unknown SARS CoV2 infection","exampleCanonical":"https://www.napkon.de/fhir/StructureDefinition/sars-cov2-infection","groupingId":"-ex-example"},{"extension":[{"url":"http://hl7.org/fhir/StructureDefinition/implementationguide-page","valueUri":"Observation-SARSCoV2Variant.html"}],"reference":{"reference":"Observation/SARSCoV2Variant"},"name":"SARS CoV2 Variant","description":"Example of a SARS CoV2 variant (Pango lineage)","exampleCanonical":"https://www.napkon.de/fhir/StructureDefinition/sars-cov2-variant","groupingId":"-ex-example"},{"extension":[{"url":"http://hl7.org/fhir/StructureDefinition/implementationguide-page","valueUri":"Observation-VaccinationInjectionSiteErythema.html"}],"reference":{"reference":"Observation/VaccinationInjectionSiteErythema"},"name":"Vaccination Injection Site Erythema","description":"Example of a 2.5-5 cm erythema at a vaccine injection site","exampleCanonical":"https://www.napkon.de/fhir/StructureDefinition/vaccination-injection-site-erythema","groupingId":"-ex-example"},{"extension":[{"url":"http://hl7.org/fhir/StructureDefinition/implementationguide-page","valueUri":"Observation-VaccinationInjectionSitePain.html"}],"reference":{"reference":"Observation/VaccinationInjectionSitePain"},"name":"Vaccination Injection Site Pain Rest","description":"Example of mild pain at vaccine injection site at rest and movement","exampleCanonical":"https://www.napkon.de/fhir/StructureDefinition/vaccination-injection-site-pain","groupingId":"-ex-example"},{"extension":[{"url":"http://hl7.org/fhir/StructureDefinition/implementationguide-page","valueUri":"Observation-VaccinationInjectionSiteSwelling.html"}],"reference":{"reference":"Observation/VaccinationInjectionSiteSwelling"},"name":"Vaccination Injection Site Swelling Instance","description":"Example of a 5.1-10 cm swelling at a vaccine injection site","exampleCanonical":"https://www.napkon.de/fhir/StructureDefinition/vaccination-injection-site-swelling","groupingId":"-ex-example"}],"page":{"nameUrl":"toc.html","title":"Table of Contents","generation":"html","page":[{"nameUrl":"index.html","title":"NAPKON Vaccination Module","generation":"markdown"},{"nameUrl":"profiles.html","title":"Profiles","generation":"markdown"},{"nameUrl":"codesystems.html","title":"Code Systems","generation":"markdown"},{"nameUrl":"valuesets.html","title":"Value Sets","generation":"markdown"},{"nameUrl":"extensions.html","title":"Extensions","generation":"markdown"},{"nameUrl":"examples.html","title":"Examples","generation":"markdown"},{"nameUrl":"downloads.html","title":"Downloads","generation":"html"},{"nameUrl":"changelog.html","title":"Change Log","generation":"markdown"},{"nameUrl":"artifacts.html","title":"Artifacts Summary","generation":"html","page":[{"nameUrl":"Questionnaire-AdditionalVaccinationWillingnessQuestionaire.html","title":"Additional Vaccination Willingness","generation":"generated"},{"nameUrl":"StructureDefinition-additional-vaccination-willingness.html","title":"Additional Vaccination Willingness","generation":"generated"},{"nameUrl":"StructureDefinition-allergic-reaction-to-vaccination.html","title":"Allergic Reaction To Vaccination","generation":"generated"},{"nameUrl":"StructureDefinition-analgesic-antipyretic-intake-after-vaccination.html","title":"Analgesic Antipyretic Intake After Vaccination","generation":"generated"},{"nameUrl":"StructureDefinition-body-temperature-after-vaccination.html","title":"Body Temperature After Vaccination","generation":"generated"},{"nameUrl":"StructureDefinition-covid19-encounter.html","title":"COVID-19 Encounter","generation":"generated"},{"nameUrl":"StructureDefinition-covid19-immunization.html","title":"COVID-19 Immunization","generation":"generated"},{"nameUrl":"StructureDefinition-covid19-oxygen-therapy.html","title":"COVID-19 Oxygen Therapy","generation":"generated"},{"nameUrl":"StructureDefinition-chemotherapy.html","title":"Chemotherapy","generation":"generated"},{"nameUrl":"StructureDefinition-general-complaints-after-vaccination.html","title":"General Complaints After Vaccination","generation":"generated"},{"nameUrl":"StructureDefinition-immunomodulatory-therapy.html","title":"Immunomodulatory Therapy","generation":"generated"},{"nameUrl":"StructureDefinition-medical-treatment-for-vaccination-adverse-reaction.html","title":"Medical Treatment For Vaccination Adverse Reaction","generation":"generated"},{"nameUrl":"StructureDefinition-regular-alcohol-intake.html","title":"Regular Alcohol Intake","generation":"generated"},{"nameUrl":"StructureDefinition-regular-alcohol-intake-quantity.html","title":"Regular Alcohol Intake Quantity","generation":"generated"},{"nameUrl":"StructureDefinition-sars-cov2-infection.html","title":"SARS CoV2 Infection","generation":"generated"},{"nameUrl":"StructureDefinition-sars-cov2-variant.html","title":"SARS CoV2 Variant","generation":"generated"},{"nameUrl":"StructureDefinition-vaccination-injection-site-erythema.html","title":"Vaccination Injection Site Erythema","generation":"generated"},{"nameUrl":"StructureDefinition-vaccination-injection-site-pain.html","title":"Vaccination Injection Site Pain","generation":"generated"},{"nameUrl":"StructureDefinition-vaccination-injection-site-swelling.html","title":"Vaccination Injection Site Swelling","generation":"generated"},{"nameUrl":"ValueSet-analgesics-antipyretics.html","title":"Analgesics Antipyretics","generation":"generated"},{"nameUrl":"ValueSet-covid19-vaccination-contraindications.html","title":"COVID-19 Vaccination Contraindications","generation":"generated"},{"nameUrl":"ValueSet-covid-vaccination-reasons.html","title":"COVID-19 Vaccination Reasons","generation":"generated"},{"nameUrl":"ValueSet-covid19-vaccine-codes.html","title":"COVID-19 Vaccine Codes","generation":"generated"},{"nameUrl":"ValueSet-ctcae-grade-value-set.html","title":"CTCAE Grade Value Set","generation":"generated"},{"nameUrl":"ValueSet-complaint-intensity.html","title":"Complaint Intensity","generation":"generated"},{"nameUrl":"ValueSet-detected-not-detected-unknown-undetermined.html","title":"Detected Not Detected Unknown Undetermined","generation":"generated"},{"nameUrl":"ValueSet-encounter-ambulatory-emergency-inpatient.html","title":"Encounter Ambulatory Emergency Inpatient","generation":"generated"},{"nameUrl":"ValueSet-encounter-homehealth-ambulatory-inpatient.html","title":"Encounter HomeHealth Ambulatory Inpatient","generation":"generated"},{"nameUrl":"ValueSet-general-complaints-after-vaccination.html","title":"General Complaints After Vaccination","generation":"generated"},{"nameUrl":"ValueSet-immunosuppressive-immunomodulatory-therapy.html","title":"Immunosuppressive Immunomodulatory Therapy","generation":"generated"},{"nameUrl":"ValueSet-pain-provoking-factor.html","title":"Pain Provoking Factor","generation":"generated"},{"nameUrl":"ValueSet-present-not-present-undetermined-other.html","title":"Present Not Present Undetermined Other","generation":"generated"},{"nameUrl":"ValueSet-restricted-event-status.html","title":"RestrictedEventStatus","generation":"generated"},{"nameUrl":"ValueSet-severity-grading.html","title":"Severity Grading","generation":"generated"},{"nameUrl":"ValueSet-yes-no-unknown.html","title":"Yes No Unknown","generation":"generated"},{"nameUrl":"CodeSystem-ctcae-grade-code-system.html","title":"CTCAE Grade Code System","generation":"generated"},{"nameUrl":"CodeSystem-napkon-vaccination-module.html","title":"NAPKON Vaccination Module Codes","generation":"generated"},{"nameUrl":"QuestionnaireResponse-AdditionalVaccinationWillingness.html","title":"Additional Vaccination Willingness","generation":"generated"},{"nameUrl":"Observation-AllergicReactionToVaccinationInstance.html","title":"Allergic Reaction To Vaccination Instance","generation":"generated"},{"nameUrl":"Observation-AllergicReactionToVaccinationInstanceOther.html","title":"Allergic Reaction To Vaccination Instance","generation":"generated"},{"nameUrl":"MedicationStatement-AnalgesicAntipyreticIntakeAfterVaccination.html","title":"Analgesic Antipyretic Intake After Vaccination","generation":"generated"},{"nameUrl":"Observation-BodyTemperatureAfterVaccinationNotMeasured.html","title":"Body Temperature After Vaccination","generation":"generated"},{"nameUrl":"Observation-BodyTemperatureAfterVaccinationQuantity.html","title":"Body Temperature After Vaccination","generation":"generated"},{"nameUrl":"Observation-BodyTemperatureAfterVaccinationRange.html","title":"Body Temperature After Vaccination","generation":"generated"},{"nameUrl":"Encounter-COVID19EncounterInpatient.html","title":"Medical Treatment For Vaccination Adverse Reaction","generation":"generated"},{"nameUrl":"Procedure-COVID19OxygenTherapy.html","title":"COVID-19 Oxygen Therapy","generation":"generated"},{"nameUrl":"Immunization-COVIDVaccinationDone.html","title":"COVID-19 Vaccination Done","generation":"generated"},{"nameUrl":"Immunization-COVIDVaccinationNotDone.html","title":"COVID-19 Vaccination Not Done","generation":"generated"},{"nameUrl":"Immunization-COVIDVaccinationNotDoneReasonOther.html","title":"COVID-19 Vaccination Not Done Reason Other","generation":"generated"},{"nameUrl":"Procedure-Chemotherapy.html","title":"Chemotherapy","generation":"generated"},{"nameUrl":"Patient-ExamplePatient.html","title":"ExamplePatient","generation":"generated"},{"nameUrl":"Condition-GeneralComplaintsAfterVaccination.html","title":"General Complaints After Vaccination","generation":"generated"},{"nameUrl":"Procedure-ImmunomodulatoryTherapy.html","title":"Immunomodulatory Therapy","generation":"generated"},{"nameUrl":"Procedure-ImmunomodulatoryTherapyNotDone.html","title":"Immunomodulatory Therapy","generation":"generated"},{"nameUrl":"Encounter-MedicalTreatmentForVaccinationAdverseReactionAtGP.html","title":"Medical Treatment For Vaccination Adverse Reaction","generation":"generated"},{"nameUrl":"Encounter-MedicalTreatmentForVaccinationAdverseReactionInHospital.html","title":"Medical Treatment For Vaccination Adverse Reaction","generation":"generated"},{"nameUrl":"Observation-RegularAlcoholIntake1.html","title":"Regular Alcohol Intake","generation":"generated"},{"nameUrl":"Observation-RegularAlcoholIntake4.html","title":"Regular Alcohol Intake","generation":"generated"},{"nameUrl":"Observation-RegularAlcoholIntakeNo.html","title":"Regular Alcohol Intake","generation":"generated"},{"nameUrl":"Observation-RegularAlcoholIntakeNoLonger.html","title":"Regular Alcohol Intake","generation":"generated"},{"nameUrl":"Observation-RegularAlcoholIntakeQuantity.html","title":"Regular Alcohol Intake Quantity","generation":"generated"},{"nameUrl":"Observation-RegularAlcoholIntakeQuantityNone.html","title":"Regular Alcohol Intake Quantity","generation":"generated"},{"nameUrl":"Condition-SARSCoV2Infection.html","title":"SARS CoV2 Infection","generation":"generated"},{"nameUrl":"Condition-SARSCoV2InfectionNone.html","title":"SARS CoV2 Infection","generation":"generated"},{"nameUrl":"Condition-SARSCoV2InfectionUnknown.html","title":"SARS CoV2 Infection","generation":"generated"},{"nameUrl":"Observation-SARSCoV2Variant.html","title":"SARS CoV2 Variant","generation":"generated"},{"nameUrl":"Observation-VaccinationInjectionSiteErythema.html","title":"Vaccination Injection Site Erythema","generation":"generated"},{"nameUrl":"Observation-VaccinationInjectionSitePain.html","title":"Vaccination Injection Site Pain Rest","generation":"generated"},{"nameUrl":"Observation-VaccinationInjectionSiteSwelling.html","title":"Vaccination Injection Site Swelling Instance","generation":"generated"}]}]},"parameter":[{"code":"path-resource","value":"input/capabilities"},{"code":"path-resource","value":"input/examples"},{"code":"path-resource","value":"input/extensions"},{"code":"path-resource","value":"input/models"},{"code":"path-resource","value":"input/operations"},{"code":"path-resource","value":"input/profiles"},{"code":"path-resource","value":"input/resources"},{"code":"path-resource","value":"input/vocabulary"},{"code":"path-resource","value":"input/maps"},{"code":"path-resource","value":"input/testing"},{"code":"path-resource","value":"input/history"},{"code":"path-resource","value":"fsh-generated/resources"},{"code":"path-pages","value":"template/config"},{"code":"path-pages","value":"input/images"},{"code":"path-tx-cache","value":"input-cache/txcache"}]}}