{
  "resourceType": "Encounter",
  "id": "MedicalTreatmentForVaccinationAdverseReactionAtGP",
  "meta": {
    "profile": [
      "https://www.napkon.de/fhir/StructureDefinition/medical-treatment-for-vaccination-adverse-reaction"
    ]
  },
  "text": {
    "status": "generated",
    "div": "<div xmlns=\"http://www.w3.org/1999/xhtml\"><p><b>Generated Narrative</b></p><p><b>status</b>: unknown</p><p><b>class</b>: <span title=\"{http://terminology.hl7.org/CodeSystem/v3-ActCode IMP}\">inpatient encounter</span></p><p><b>subject</b>: <a href=\"Patient-ExamplePatient.html\">Generated Summary: Medical record number: napkon-example-patient; maxi musterperson (OFFICIAL); gender: unknown; birthDate: 1990-08-08</a></p><p><b>period</b>: </p><p><b style=\"color: maroon\">Exception generating Narrative: null</b></p></div>"
  },
  "status": "unknown",
  "class": {
    "system": "http://terminology.hl7.org/CodeSystem/v3-ActCode",
    "code": "IMP"
  },
  "subject": {
    "reference": "Patient/ExamplePatient"
  },
  "period": {
    "_start": {
      "extension": [
        {
          "url": "http://hl7.org/fhir/StructureDefinition/data-absent-reason",
          "valueCode": "unknown"
        }
      ]
    }
  },
  "reasonCode": [
    {
      "text": "some free-text reason"
    }
  ]
}