{
  "resourceType": "Observation",
  "id": "VaccinationInjectionSiteErythema",
  "meta": {
    "profile": [
      "https://www.napkon.de/fhir/StructureDefinition/vaccination-injection-site-erythema"
    ]
  },
  "text": {
    "status": "generated",
    "div": "<div xmlns=\"http://www.w3.org/1999/xhtml\"><p><b>Generated Narrative</b></p><p></p><p><b>code</b>: <span title=\"Codes: {http://snomed.info/sct 213338000}\">Injection site erythema (disorder)</span></p><p><b>subject</b>: <a href=\"Patient-ExamplePatient.html\">Generated Summary: Medical record number: napkon-example-patient; maxi musterperson (OFFICIAL); gender: unknown; birthDate: 1990-08-08</a></p><p><b>value</b>: 2.5-5 CentiMeter</p></div>"
  },
  "status": "final",
  "code": {
    "coding": [
      {
        "system": "http://snomed.info/sct",
        "version": "http://snomed.info/sct/900000000000207008/version/20210731",
        "code": "213338000",
        "display": "Injection site erythema (disorder)"
      }
    ]
  },
  "subject": {
    "reference": "Patient/ExamplePatient"
  },
  "valueRange": {
    "low": {
      "value": 2.5,
      "unit": "CentiMeter",
      "system": "http://unitsofmeasure.org",
      "code": "cm"
    },
    "high": {
      "value": 5,
      "unit": "CentiMeter",
      "system": "http://unitsofmeasure.org",
      "code": "cm"
    }
  }
}